-- MySQL dump 10.13  Distrib 5.7.24, for osx11.1 (x86_64)
--
-- Host: localhost    Database: cursos
-- ------------------------------------------------------
-- Server version	8.0.25

/*!40101 SET @OLD_CHARACTER_SET_CLIENT=@@CHARACTER_SET_CLIENT */;
/*!40101 SET @OLD_CHARACTER_SET_RESULTS=@@CHARACTER_SET_RESULTS */;
/*!40101 SET @OLD_COLLATION_CONNECTION=@@COLLATION_CONNECTION */;
/*!40101 SET NAMES utf8 */;
/*!40103 SET @OLD_TIME_ZONE=@@TIME_ZONE */;
/*!40103 SET TIME_ZONE='+00:00' */;
/*!40014 SET @OLD_UNIQUE_CHECKS=@@UNIQUE_CHECKS, UNIQUE_CHECKS=0 */;
/*!40014 SET @OLD_FOREIGN_KEY_CHECKS=@@FOREIGN_KEY_CHECKS, FOREIGN_KEY_CHECKS=0 */;
/*!40101 SET @OLD_SQL_MODE=@@SQL_MODE, SQL_MODE='NO_AUTO_VALUE_ON_ZERO' */;
/*!40111 SET @OLD_SQL_NOTES=@@SQL_NOTES, SQL_NOTES=0 */;

--
-- Table structure for table `Curso`
--

DROP TABLE IF EXISTS `Curso`;
/*!40101 SET @saved_cs_client     = @@character_set_client */;
/*!40101 SET character_set_client = utf8 */;
CREATE TABLE `Curso` (
  `ID` int NOT NULL AUTO_INCREMENT,
  `Clave` varchar(10) DEFAULT NULL,
  `Nombre` varchar(200) DEFAULT NULL,
  `Descripcion` varchar(1000) DEFAULT NULL,
  `NoHoras` int DEFAULT NULL,
  `FechaInicio` datetime DEFAULT NULL,
  `FechaTermino` datetime DEFAULT NULL,
  `Costo` decimal(6,2) DEFAULT NULL,
  `Instructor` varchar(100) DEFAULT NULL,
  PRIMARY KEY (`ID`)
) ENGINE=InnoDB AUTO_INCREMENT=28 DEFAULT CHARSET=utf8mb4 COLLATE=utf8mb4_0900_ai_ci;
/*!40101 SET character_set_client = @saved_cs_client */;

--
-- Dumping data for table `Curso`
--

LOCK TABLES `Curso` WRITE;
/*!40000 ALTER TABLE `Curso` DISABLE KEYS */;
INSERT INTO `Curso` VALUES (1,'123456','Programación Nivel I','Curso der Programación',75,'2023-04-10 00:00:00','2023-06-01 00:00:00',900.00,'Yo'),(3,'345678','Programación II',NULL,80,'3923-04-30 00:00:00','3923-04-30 00:00:00',900.00,'Dr. Francisco'),(7,'6897890','Algebra Lineal','Se analizan los conceptos de algebra lineal',40,'2023-05-01 00:00:00','2023-06-01 00:00:00',900.00,'Dr. X'),(8,'5897890','Algebra Lineal II','Se analizan los conceptos de algebra lineal',40,'2023-05-10 00:00:00','2023-06-01 00:00:00',900.00,'Dr. X'),(13,'44447','Programacion IV','Esta es una descripcin',20,'2023-05-10 00:00:00','2023-05-18 00:00:00',400.00,'Todos'),(14,'876876876','Matemáticas Discretas','Curso de matemáticas discretas',50,'2023-06-01 00:00:00','2023-07-01 00:00:00',467.00,'X'),(17,'IS','Ingeniería de Software','eqweqweqw',20,'2024-03-16 00:00:00','2024-04-15 00:00:00',1000.00,'eqweqwewq'),(18,'5897890','Algebra Lineal II','Se analizan los conceptos de algebra lineal',40,'0123-05-10 00:00:00','0123-06-01 00:00:00',900.00,'Dr. X'),(20,'ALG','Algebra',NULL,20,'2024-04-20 00:00:00','2024-05-20 00:00:00',1000.00,'XXXX'),(21,'ING','Inglés I','',20,'2024-04-20 00:00:00','2024-05-20 00:00:00',1000.00,'Teacher X'),(23,'ING21','Inglés II','',20,'2024-04-20 00:00:00','2024-05-20 00:00:00',1000.00,'Teacher XX'),(24,'5897890','Algebra Lineal II','Se analizan los conceptos de algebra lineal',40,'2023-05-10 00:00:00','2023-06-01 00:00:00',900.00,'Dr. X'),(25,'5897890','Algebra Lineal II','Se analizan los conceptos de algebra lineal',40,'2023-05-10 00:00:00','2023-06-01 00:00:00',900.00,'Dr. X'),(26,'123456','Programación Nivel I','Curso der Programación',75,'2023-04-10 00:00:00','2023-06-01 00:00:00',900.00,'Yo'),(27,'5897890','Algebra Lineal II','Se analizan los conceptos de algebra lineal',40,'2023-05-10 00:00:00','2023-06-01 00:00:00',900.00,'Dr. X');
/*!40000 ALTER TABLE `Curso` ENABLE KEYS */;
UNLOCK TABLES;

--
-- Table structure for table `curso_imagen`
--

DROP TABLE IF EXISTS `curso_imagen`;
/*!40101 SET @saved_cs_client     = @@character_set_client */;
/*!40101 SET character_set_client = utf8 */;
CREATE TABLE `curso_imagen` (
  `ID` int NOT NULL AUTO_INCREMENT,
  `IDCurso` int DEFAULT NULL,
  `Imagen` longblob,
  PRIMARY KEY (`ID`),
  KEY `fk_curso_imagen_curso` (`IDCurso`),
  CONSTRAINT `curso_imagen_ibfk_1` FOREIGN KEY (`IDCurso`) REFERENCES `Curso` (`ID`)
) ENGINE=InnoDB AUTO_INCREMENT=8 DEFAULT CHARSET=utf8mb4 COLLATE=utf8mb4_0900_ai_ci;
/*!40101 SET character_set_client = @saved_cs_client */;

--
-- Dumping data for table `curso_imagen`
--

LOCK TABLES `curso_imagen` WRITE;
/*!40000 ALTER TABLE `curso_imagen` DISABLE KEYS */;
INSERT INTO `curso_imagen` VALUES (6,20,_binary 'PNG\r\n\Z\n\0\0\0\rIHDR\0\0\0\0\\0\0\0%\6q\0\0\0gAMA\0\0a\0\0\0sRGB\0\\\0\0$iTXtXML:com.adobe.xmp\0\0\0\0\0<?xpacket begin=\"﻿\" id=\"W5M0MpCehiHzreSzNTczkc9d\"?> <x:xmpmeta xmlns:x=\"adobe:ns:meta/\" x:xmptk=\"Adobe XMP Core 5.3-c011 66.145661, 2012/02/06-14:56:27        \"> <rdf:RDF xmlns:rdf=\"http://www.w3.org/1999/02/22-rdf-syntax-ns#\"> <rdf:Description rdf:about=\"\" xmlns:xmp=\"http://ns.adobe.com/xap/1.0/\" xmlns:xmpMM=\"http://ns.adobe.com/xap/1.0/mm/\" xmlns:stRef=\"http://ns.adobe.com/xap/1.0/sType/ResourceRef#\" xmp:CreatorTool=\"Adobe Photoshop CS6 (Macintosh)\" xmpMM:InstanceID=\"xmp.iid:9266207ADD0A11E5946CCDC922657606\" xmpMM:DocumentID=\"xmp.did:9266207BDD0A11E5946CCDC922657606\"> <xmpMM:DerivedFrom stRef:instanceID=\"xmp.iid:92662078DD0A11E5946CCDC922657606\" stRef:documentID=\"xmp.did:92662079DD0A11E5946CCDC922657606\"/> </rdf:Description> </rdf:RDF> </x:xmpmeta> <?xpacket end=\"r\"?>\Z\\0\0\0tEXtSoftware\0Adobe ImageReadyq\e<\0\0\0PLTE\.\\\79@VWYCDF\q\\\\Zhii\\\}}}.\L5@\"~\\ڲcF\-*Y[_tttRbcgHJP\\\\\\PRX679Dw!\"&\0stx\\\?AH|}⇧\\\\Ж\\߈\\}\0fZ/S\שּׁ\\\\\GHJh[hZ[[ !\"\\KLN\\\DEG\ASTV\\\\\\eee``a\\\OPR\\\\\\\\\\\\n\\\\\\]a014*+.G:E`ad3\\\\u\UV\\wwzjkn;=D\i;;>\@0Vdfi\\\_pprE\7mmpghlԏ\ښ\\\ġ֑۩>\\\\\\\\\zz|ڢU\\ͺH\9[YU\KncM\p\yMӁDߪ\\\\G\۸A̞>{kJ\w\/+\^xG\\΃F\ځ\G3we^O;\\dO\\\wqrv\9-\4.WQFZD蒒ArK\\\?\\Q;\\\羓v_spD\ͫ\\\\248dWd\o\\\\\\\ׯ\6~B\\w\\\ϳ\~{\x{_{jtc[\\\;տћySn\\\\HD\gb\\ǡUwcI\UgmZ]F\\k\\n\\\頉r\\,)\\\\\0\0 \0IDATx\\\]h\H&)tB,\Hc71ɪU(1fuEY]Uy$uYH\r\ŴBuI_e})Z(>\\7m\\&qf\̝\f\MgΜsfRQ\0\0\0\0\0\0\0\0\0\0\0\0\0\0\0\0\0\0\0\0\0\0\0\0\0\0\0\0\0\0\0\0\0\0\0\0\0\0\0\0\0\'>?31\\\0yM\\"sQ>\nlEeQ\?\\\\S\/.\0\7e3\|*@%|[\\+\he~ \EX\\h(\'a2\Z\,0.\a1mt\\\7ٓ/p\E;h\x|K?P\\\"ʤ\%g^stLILrJ\6^\~en\\0u\}r=\qm\Y.y\\\0\r\08C%G\Y\0 (fvggH	cc\0\X\_cx\D\\i\Pa\q\\%ֽ\\qi?\\0P\fq~\0R\G%gs\\\nLKuE\f\\\\Hn\\0f%\spP !ٽ\L;3\\\\0ť鳁(0/ݽ\L<49\F\!7鳑\}Ds#>6\1\J3}\\>\J\7X\|7\RoY\tAs\[|\Oս\]i~s|]\?\\?\	} \\\~E\Fz{\;\\{ϫxހ}gc\rÏpz\ӫ7\\[>ޣ~{({g~d%{\;\ga!:_@\KvMy,\!twy^U~\\^t{\'\X\CX\9\(\\t\\\\qba񴺨Wo\\=\\A\<pxQm멒Eg\qyeE\\\\\?\7!Pm\_\~to{Q;(\\\\u>\'w\\\n}\\\nGZ]/~CneVkݷ\\\\r>\\\ώWO\niZ_nT%\}<\u\\r>\\\\xὛw=\\o\\rkkN?^e_/&ۺ\w\G9/ /On\?\v׃\\\wo/|\#(eO\w\u9]E\\>qW_h\\Cˋ|v\\\{ڽ\\Ƀz\Ļ쓛\\?/\t\3\\\\\Ͳ\\n~_;(u\0domo\[<(*(ٛ\͗v߮\"|vС e\\_w/s\\ǯ\\\\cBo}C7[\w}\3ч\"\V2uZ\>\[<\D\o7\<?ϴj?\\7\f\5-\gͺ\{kO\qd\n\\ˉҔX\4?o\\\\r\\Zs9\0\#- \\;\\\D\rf\\i\\DA\\̨Mu*\ZYчe/5d/o1\?\[x\.+UC\\n\?{<L\\\?7\~_ݛo\3ч\\pe/t\"\$|^\,\\[\\\0uo\ku\"m\^5\Jy\\ލ\E\@u_|u=ً\4ÏqVd\i-/ް7\gd\BB|[\=ً\\\=ً\r\Ax \\%=ًx0\b\\\g/O倾>@d/\\F\K>[y {\\E \5?\\V\^:{1`\3\sHd/\\6c:\gd/xs8pw^\9\^t\\|\\\e\tD\\\9\^l\ћ5;\\{\+cߗ|. {\\\_[pHݚd}\\}\\\^\\\s2f\\%?o*\^*{\\{Fe]F\\0ю>. {\y#\]g\\\0\\-@\d;|\\⠽Hc\_\0c 5M\\\fO\\h5\Z\\\U8*c\a\8v\\\\O\F#\d10nCAwc=\P`˃A_r<\H	/9\^\O\E \\\8ݙ\YB?Zi\?Q\\\%7\\'\_\\<DB\\ܫ-\\>\^&@R\le#Ƌw@ً~ӿٓ:S\\Y\\KdoJ\\]#8\\\ F\\\⋉Q\ {\\ſRwG\#yɝ\FA_{\\Wo\gӄȾ@[Cd/\t\\ٴ|,={+>9*\\\\L\"M>=:6V\ol/(\W\?\\Y\\\E\\x#!{rZjjݓzgDec\o\\K\R\\\\r=}\Կ5Xٯ1=\nGd[Y+{\Y`#\1G9eom\Ϸ\Eנ\_U=\0{u?\\)ϳ%{s\~mj͟\AeJݍg=ك\g/\>_\\\r=\^y\lz#oX\\٣Dok\/\\E\wd\>\`e/\Z\\\'{ti]\rvG\0ً卼\w\\a\>{?`\0&7OR\ݻd2\>&\:{Ѽ[ׯٽ#{8b\\0ʳ\=GYdwЫ>{Qs?ش\\ޑ=\-{\\\{哻F\d\\s޼\Ps\'w}\\\S\ޑ=\>x\\<\\rx\w\\6/=Ⱦ4\\A෻X\d\\k\?﫷<9\d_ٯٹ\\~t\\zݫ/\ޑ=\><ٯx7;7ded\'{\F	\d+ٿ]/\A^\\RS\\y\\e}-WǀV\'{E\c@r謯0=\s\'\n<\\\\ۏ\\\Z\t=\^Sc\O֮yL xO\tw\d_\O=\K 2\aF2]KUd/\\'3񅯍\\\'\ه \'\\;\צt\\\A%\sgnf\\V\꿿}\A%T\\~qjǵ\\\\3?{\H\|V	Fd3\!\)\=\eIi\\mȡ\ӂ!@\MЃB\bHؠt\\A/ퟦѶ}\\agaSSy\UR&U\=uk\\W\G^V#\z~\\nW\\m~G\L&\\\`o}\=οjG8s\\\]]\`﷧(boחYGޢm6u{\S?)=\-\T+}\,>\`u[hz{벟c-,Ħg$\bf\\͈\\=\?+=`dZ\(\o\\_k\_{s\L\\ga\\;nG\\\\G؀bf\8x\0\>gQ\\\\jB\ت7\\\dyߢ\W\=/׹Yhi抽 \#}\w\\.\B_֤^\\#}\\\G\lx\\wwwXgJz4\#˞W_u\\+\=\3\\\0{_\_\bvƾ\^{O\nw|\\\rժXՍ\K	W-\dϨ%;\&ލÝie\#\\#\Q3O>ه\\\tVoK\/\}⑚=\\"8Xͷ&f_h7\OoP_\N\8\\#ǞR_c?M\\`X\P\>\{\\c\\n\\H\z\>.aO~,uyt\<؋\7\>>\\\鄽\zsG\Oa\-\\α\\MgO\\a\ܥ\n#|G\㯜/d*,\y̖̍mv{zI7ޞee\Wddp\rH߱\\9n|wO>y\|\\\_|\:{fe\\-\}&A\\\#`aܷ\"\cԥ/p\"`\)youh:w(\GD\bG^=\F,\\\\'ѵ)ܡثf\6\^t}J|q\"c?\ltm+ffg_Xq\][?y\V1G{͆k\'W\\F\M2^)4\\Nt\\o\\n{\\\rkfJ6\cBt\oC+\\)7zjhtʾ@\ǹevȢv\Ť\u\?\G,ʾ\\r~K\\v\\twt\=j\\\\Hܿi7\\?\K\\r\n{\}6.EuX^z]휛$\_\D^\~h\1b;Ā\"\{\|\?q\N\Zו#ܠث)\$\\v\\\OZQq\A7\\].\\\I\\}\rm\Ez\^\r޲߷mϯܹ;\\\\::vQ\rŹ=\cS{\Px7\>գ\G^\}\\\nϋأ\G^e\U\ɕ:\\\\p7ًj|\Kܡȃa_;?#?.?8yH\\\pNڮ\\\`?9\\r\\5>|\2\G^\\1\&qԵ\ZzzekeGX}\\{\l<1Oҽi|?Mϲ|*sZIVsrO\%\Q\#`z\m=\˼\9I^\zr\^Z\\G^+{Ѭ\Q5{\`_N\<=|\5\\{Sl1Qg\r\\c\bTQdc{T\kd\\v\L͈Ki\2|z\\2\\d\ \ZU>\sgҵ;3\Maִ$\93s?\W\\O\\\Z\>\d*{\\\L\bp\'YuU\\[-o*N6RF?fGV	4_\.j\?\R\\Sg\\\~R{{v0u\Tʺsy\ƾO=QS\T-c^w[O~3:\G\[\l\\s>|\F\lQ\\\l\\@\@i\\\rT/\,{T\\\\k\lj\Cbd\\J4\ڔe*\0\-\NVf/}\w8&\`Oh}A^-\r-FG{ػ\\\=TD:*9\*\n?\\\Y\"1\H})Z^\N\h<;m\|\Ȼg\!Q\\N\o*G&7WWnnC/\!\A\_Zbdm^\I\f\R\ܨ\kb\\\V\<q&\~C}RP8\Lk\]ם\NG\Q\#`=\\&a\Lnˋe\?+\B\"_R\'ME򑞰oX\}ӊu\\_\;$\}Ҍ]]U*\E\>/]ӱP\l!w\0~!,RW\+\\>\^\\w\\\~YyV=y<kԇ\\b\r{,\C\n(/=\fo\h:\\;\,Cu\<_}O\*\\`0)\ו823\0Q:\'\\\\cG{xŻ{\\xR쟓ceI\ŹO2\cRnj9`N\\\D~ZG2]P\#`o\:zr˜ƿ=?O\|^\3/7n/3Vk\Wwx9O\'\c~~e5Ǜ#GK\9.s+y_Lч\DI\\0a\y*xa_s\#`oa̄5*T\{G\\\\Zb	\2]X\:\\.+\"=\Jc^1ȃa\\*\\\8\^⏜\۳\=`8\\\"s/N\Wk\=\m@\\lhP\r\1\\\\{\-F{앏\q;U죁.t\Q~\o\ꨵF\-Tﬀ=\C\6\\0\S\#DGݞ؀\\\Pg4\Ο??oW=\\\\F\E\Wr]ڶ\N\җ\}n\M\^t}DIP\\\\GIfkys*\e\Mvx\-/MW\=\\r3F\E\#\:C\\\\\\IF(#(W\\\O\kɅ2G\\']\'9G^OFm\I\P\ok,zFw|G^ټv\5呓{Ua\\\*\.ث^\n)7޲ʨ\Z\v\\!*\M\©.IG^˕\d_R޹x\3\\\Zz`{\:K\)[o-\\\h}ux*\\Y\T_2g{ٻ\\\YbϬg٦NsEa6y\V>\\osnsN^\\;\NZ\\ZHm9/N8G\\q\\q\*S\@\QqBV]Z\0!\B6\r\"#+6\n \Z8H%9C#Umխ	C\JOͮ\\\\;\όǔ\\\s\alF\wg\3d_=?v\\\\+\sR{ɞ\vd _\W\\!\[u\@\'{\%\F\ņ\d_\w\\Mt\\s\@o\K=d\0d\\0\C\0@=\0=d\0d\\0\C\0@=\0=d {\o\/@[=k1d\Z*<\b\\d_?p\\K,9P~>\-\@w?Œ\\nQN\t\\Xq@vup?P\ڧXp@:+O?9\Z!V\\]П^8z@\n\\\e\\\:h|T\z?S\ܯ\ܐh\\}\\\\W\d\GOn5>wjK\G\Z[<\\_p?}=k+Xn@JSOٟx\N\QUG\R:\?\\S*\$]4클f~yeݯ\I\dy| W&\_\V\){@*>@#\ti\d\; w\+-y߅\د\w\\'\}\)C\1T~yu,Y\W\\\2e°6\\\S@Zc\\!\Ye_]\}>ZS!U\$3=OONٟxn\O\z\2s\\\\\\{x\\/\rHd\\y>*\W=\7\.\HeE:::/\\f.\X\Y^l\\\\ZdS\\]:\_<=#\J8g\\t\\~\ё\\bqɫ\!2镘9GI,_\Jq\Q\Xx\贷c?x\\\4 \W\EҼer?\/qT!\G\\ӰK}}\V*\H\n\|\5Ak~u\\~H\ƚ*Ϡt*!\,Nx8j\5\RQ\\\\{P\\~pz\\\P>D\>XL۫\>{P\w\\.\k\)\#dS\\\=˷MV\b\Zs3Ʈ2\6]Qn#\j||FU[s\rgj\ZC\G\ZD\x\\\\~u\\mp\\ri.ޘV\!H1u\$Ѿ쑒\\|U~\y\8\=%\t67lyNDCpƎ\Ky.vjul\\W?;&l\^\"\_ؠ\BL\vuCH\\\\=\\ȝU{P\\~d!jYqWqu\x*+梚ʦb\\P7	,M!jt=6lF=ΛR\ɓh~%\y\fǌZ4\\R\g\^;{ ~Dϭ\'ԫnhqy,\oPSߐ\\\\\Zo;{[P\7d\\0O\0?Yf\t	kH\}g\0\ߴW9\m{ u?b?Xٯ\'\\oǑ\\\4MuM4fff\݊\\\UW(s\\ZÕa5qp+\\E\/k\\}>\G+Jٰ\G\ʕes*v{Fme\^>\\&Q\ּr`!ݒtdN\f\,=\ۍ]?\\\4FI\s{m>ڦD;LW*\VS:C\0\0$IDAT(\\1\-Nn>&=;\^0a3!>m\\C2\'{\\\\0׽Fzi>8ު\ZI7>@^VA\}<EB4V\\GY\r@5fZ3\AY\a\\\\eϺw5.\\Y=\b\\"s\\A\\G3J4\G\!}=QnK\d߸m\\C&{\\kWn\SBW.qM\4N\:Z|\,_)Y2詜>a$U5S\6^dM\\e\\zP\\nsxBzk	rچ	R\\\+y\hE\\A\E5S\1ٛA\|\г\/;\L\\\q\ٙ\*\	4Bq0#ߥ	\x~;7m\dٷ	e+\z\\ǆ\c\\O(\Zn\\0\\\\\.\4HC\zx\HaWzҤ5\\rnہ\~\\~\\Ĳ	=\\7|]̳[2\x~:\n\]3\5B\\D\\a\\\\\3\nܥ\\t\9\\$\[\\\z\ٕv\\)6\wf߮\9\aߎS\7zH@\dz	?\\\\n\f;n=\n	\Ny]\K	a\j\'~Y[ՓG9`Pt\=\ey^+W\\.ë{6\"\\\+||\5B[Qn#:9\=LP\\\\ȶ~Җ]~\\_\EM={ a\=Ѩ\ZϷ\]mOOкJЍv|\e\%[ʡ7h\6y\\0\O\oᘰh\-cْ}\Z\c{W*M2=Xi\Q9q\i5y	\/4\\\m\=.\k\t\l>%E_:\\m]<9g }3u\U\h$\n\\{n\TT\=\\֛\\\\\0oG\f9O\\\\}2Ň\[\\\\v^χ],\G.\h\\IVG\i%pТ縇UJ\\w?\A%QHO\!݃C\UCӤ\\\o\j\\R\\\Ç\lf\\nau8\>VBX}\\잣\'\,Jғ?y{P1\^3F7{\N|\\r\\m\\\w\}|>A\}^-_\\)b\Z\V\\=dz\<C\nZkur\\\j৽0-\0\S3ҷRl\i\\MO,\ަA+\a-]/e\Zd^677m*\arͷ	>~t$J\'vxFݢk.\B\\rd\{NH\CF\a*͓H2}g!%\AKe\k {ͼ\\	Lϊ\VM=\gX@d_`\5>Ny&\hGX\\\\\a?lY[\\83N\\\J\;\lOr-\Tݙȿ}ߕ?i]T\\E\x-zH@d1t*!\C7t\Hg\j,+\\Bu:|\=O{g- \\n\c\\>bw\n>\d;s\C\\\\%Z\C2$C\\pJq\KQ\ۢ\?``\\6!\\\0o\\~\'X3x\\k+\1{ }\\liK=b\{\r\\\6\\\q\q\0Gҁ\JA(ēE\\!\nB\ D9HI\"!h` 7s˟\\q\۝ݝug\\\8I\:\|w~\͛\W\zmӛe_O\ewh9\}J\'Οw[\M=q\\rxwQ\nbo&_vs\\"\0\\=\;fq\>\\Fx3揟\엾\n\{\C\\W۽\y\,ǽIz\`]\gc:\|\b<\Bx]Bk`g\a?\n\̶&\[\6\\ R\+\ݍ)g\{\<t\b\\t\u\O~;sN;}S\\rXt\0-\kw\\2\W\{\t\\񅴌g\׏7\=?go/\\o\ٵ\g\%6\\\춤}g\alx\\R\"zL-\r\s\˓ץw\\dO\\\<\rZ;l.\TK[	\'\ǗcE|!;\\~L\S\oi\z\HH\i\\\Z\Vl^\ěxޮv/ˆL\~9qOyþ<\\He\ӅX5nG\\\<[.\nk\\J\Ipr|鿫K\qM=q\¾l\n)GƫX1>\"g\0\\OcyW;\\\`Λ$CY\\L/\0&]\>]\w\.Y\\Rg\9\\\	/cz۟\\\\\\\rX}\\"\ֳd5_tZ\;\B5\"=eC8.g\\?n\r\'\Vط4\l\h\\;OC}q\\z\^\\v=h夹l\>p\ \\~\ٛ\wWn\\?xp\'\R\o6\>(zP\N\7F(Cߚb 6:|q\0\\ũ\*7qp\\\\L\\r<\_\SG\\\'Ez=%\|[9q/6]\\n,OF*ے\{~T\^\3Ba\q/\#Q\=\\OBٿL\?ȵ\Ve@\#\\2ksھqoR_9\>\\q/\jYG\W`ЉD\#\KH˭jz\K\=¾ߣ\\\,\h\ҷ\\\=\\\[\o{})\^\\q\]{n/\\5\K\=¾\ى\¯\l\r\\>\]M\\'\a_\l\ߢ<q\}26޷<7qF\G\SMTQ۠gʧ!e\\v\\\rZ%[\\J\WSrG\ӳXwn~\yD\\{\SQʞ=Q?\ޞS\_c\0\0\0\0\0\0\0\0\0\0\0\0\0\0\0\0\0\0\0\0\0\0\0\0\0\0\0\0\0\0\0\0\0\0\0\0\0\0\0\0\0\0\0\0\0\0\0\0\0\0\0\0\0\0\0\0\0\0\0\0\0\0E.x\ㅧ\0\0\0\0IENDB`'),(7,7,_binary 'PNG\r\n\Z\n\0\0\0\rIHDR\0\0\0\08\0\0\0!3\'\0\0jIDATx\\\mOU\\E6$&hL\ogT[~QR˂b]vU`\\;\f\?9sWrhH\Z_\\>{\\\?(\s\żN\\y2o^\vo\\~{s\Yg\5~^Y\eG\y|\<|b\,\sXgs4\Q3緅|B>;n\\\\:.2\\ş\x1\'y2*_NҼj\Wym\֓ -<Y\/\z\zٖ\Vm\\\\K7\Է\A\vnꖬn\\r\\G\\>7\\[3\\#\<\JE.>gםyG\\Ļ{{+jHa>\Y\EA>\`P8\2p|եi+.?«Ll(lnJ`(ADe|P\A\E\\\:>dx\ LA,0^npBl(qBz%D J(vAiQ1\e\^\0<\08+kk`\Z!K.D\'\aPJЮn(SAJT1\+\d\P.$\7tP1\\`\0\\'\0\nt\_	!P\AI\\XA>\bV0\n.P\	Y( {uQu8Tn>(c΀}2@9\\\>t \"(Ⰲ\~\\?g7\+B\0W>\tRDP\" d\^.8l86XTS\0:\0+8AKO%\\  \"(I|+\d\0(\\@`CaB\0J<EDȱbH\\\\0nP\6Nj\"+^J\ ADPH\W2,\|qЕS\^ҧ8x:Db+>(3\\`u0R@,(XJ\	IดADPh\N9a\0Y\8p\\`ObX@aJ\"DW\\nߊ @ȇ8\06`,05PC#W8i,%nGwl><\0c&\\p|w 4ظAVp=N\	\๔T\ \"(b\0\\nB\>8\\	\\\n}X5%pP\ \"()+;\rN\\\g:pZ!=\UrT\\J\g 5HD\\1~\1\r	2eG(CqBy\+p\K	nD!r\#xY\08\02Xw\\\V谣\0\	)pP\ \"(^Y1~đ\p\A\8ĐAt$\w\V)ơ\	Ip裄獨nժG\h\Ab-\)|݈+<q0Y	_J\\rD N\WG 8.\A\)8ʠ\\\Zn(\\!\\";i\\rAD0Fb_A\\`x`\\\0k\\rV@P7\q]:\`\\r\[\c\0*zʑa_>\8\YC!\8!\|)Aup\"-EP1\\"q|IpYuZ\\nw\Z\\\r\[V\\\R\\\0B\0+pEq|qgI\>NT\Q	puѿn\ AD\A\[b\0+\iOqep0\\n\n|0P	YJZ7h \"h*=!\0\~\sre\e\\1\r\\n\nNCj%\E{)\[\ AD\5Qy\W@p@M5\\`\qBJp]Ji\8>.\nw\po@Q\VZB7-\PFڤi\r#:H\n6 Qp1\{\Ι3\Uq\ssGEA\"y!\]\~x\06>&>BC<\Zq&$+H\\0{\nD::-\\OD\\ \t\o\oP(%Ĭ\[D\Б# \\N\V\\,\0\(8&\+8uCF/)s!-\\nBA\B]bPPX:d(!8A%(HDbʊ8r\r!@1,x\`\0\nQqB5J/%$j)vh)f\|\qp\0\n6q\B<UB|)!~ݠ ADP\0\" \\\0$ \rB?N\0Մp%\uޢA+^ApOS|\\A\0	Z@!*NM%\RBI/a~y蘴b\\'>0X\\~P\XJ\0\\[T \"(B^WPbqe\"\0\n<N\t`Õ|\~\0 ADEcT\8\ػ\\\^ͩ[WwO,\\<\\3e4\|%W5Q	 ADP\0\"btE1\N|2NyU^_>ܳ׿ͣ\'Z\۷?YT	kA\A,W\P\?Nx;A	@\\r\nDDΡce+PQ_.p4e`/2ow\8\v\\_#\KKJ\0D\0h \\\P\J%\\	6\nD\\1!B^1̿O\gn=w\K\\\\Íǫ\6w:<(\މI\dТ\n|\\jx)! ADP0BB!\l\\\|=W~\ڶ\\Ol\Z\hk\|P\\ח8\Z\\+p(̩($YZ\\X>0\nj{~\\3\0%V&ǐ\\\r\nDM\̮|\}\*%PB\n|+*P(%Ĭ$:mDENb\\'	>Y\y\\\\p@\	#V\\nPBa}lQD\1+B\0+\n(F\\\D\|\,h(\\ZWBs\0\0\$%\bAA5B\-Eb\0dgnVJ:\\n\0\n3R\-\	*-UF6_1\fF|Pf\vfwwwpܿ{wc}}8r\"4\\\\r!\n\\	6J\0x\{AEŀ: \|\f@E,mV\\>N\\\k흼yɰ\\r\P\0~ǁV$\;	Vi):+p\\TS}\"?O\/oh8@	nPȊ\\!`\\	\"&֑G\1w\OJl>#\1`cD J\b\B\rJp\\r\nDM\\DbHA\\D\`\0\޽t\7Z&ZtJ\𛐠nH%A8d_1\nBSL5%\0:\0+\0(8+AuPBmAB\xi\ \"\o`!|\#b\0\'SEbƔh# PBB\\!T	\\r$4 A׏\"BE\#\PQLK\豗/Η\\S\!\\\V*PBʺ\aҢ[G Bp\R\T\b}`S	?[)37\:ມ\z!A6~\2T!x\}P\oήŪ2\뮺\C\]Pt\\AtSэ39Cb\nJX9\32\Z3N:\d\4(cÊ\ag\u\<\\\z>S\%\nF01>.Lil\\\%b0(AٽPo7	ZDIHA(z8=@\\\y&\\ܜ\\\\(@6y\s\\ٖiu\\ X@N0ɄxIH\ӎj\\\Z\Z\u->.ƀ@舠QSs\*%\}ъ\b B$\\R\#:c\0\\@F,i\{{JP 	\nO	D(\\䠢(`DױA8y\\ꪼq\\o6{s\\sO<c,:\rNtS\\(\C~xP\\J\\= y!\@\\c\;rJnV\\\7v\c;\3\\\v@\>DgKJ|FN1a7\'$\AE#/!a1\\.\-)7\Ϗ\r\Z}e\\\˶OdÓ\\T	`f\\\\\ H\e@\t02`$$`\GBHPۏZ!\"\ul@D.,߲[\\\\__n\\\5\\\ 8\".)@PA(&^C ˰:E\h(!\]\\F\濟BQp\νl\,\_D@Ƣ\X=9\"Ê\n\S`Av`Z!a#oT,Mx>t⃿\\\K\xf=@>\8\zy\R\rF^\\\Xl,p:p#\z}z\n<(FP\\/$طM !!%AҶ-\\w,^˅\}ٶ3`\>uӂEiU;\-, ׿ qAVPr\@\FuA_^C BC \\󮣽`o1w}\Zdo\ooZ\\\"wn\T \\GJ :\@ EH\\r\\\M\5\"4iQ1}	V\7l|`\\\W\(~s\7g\ʊ`6.Р\@	DA\n\r٢OhQ$\\`TԻo1$\0X\4	_[:d.\s|\@!X^@AxJ\kz(BZ!!\\[;W\\\A@-/\\\.}\\C\BV0J \\\h !@wAY\\ZTL_Bxd\R^PRğWJܽ}x1\y>r_A`\0\nt\-	d-\\/.TLXB\\#9}\\=%M\\d/dP(/X*̓eFR\\ $\\\Z\eh[\TU\UB\S5\kR^{fn\\7}/w?:RI\)\\nL؂/$\v\\~!!\\\e b1 (//YR<\'\x\\J\\'.C%\XB!\'RJ\-\Z\P!^C BAE\h/!\׮RR^0bq6/{\\bGh\{\~\98X\kDH\]*\/2\K;Ь#G\'\\\\\\\O\p%\6\aV\AB	ln1!!@\2%)\\'G.Iy!\sO:\\\A\~;u\\	c\0\n^@DZdII-bzZ!!\\0=^:2M G\\|\\\\\\\\hE	D(j\\Z\{0!9h/!쟽wqpeje#EgtGJ\`\0\nSJ\\D¨\~-^ Bx\ruG\]4\\g	a\\W7+\>\(p(ʿLވܟ\\l\\n)Qo7\E!A^C B\.T从i\\Z[Ē\\ \rC\~ɢ4Q4K\0ԡYAJ\C			EG!!\0wL]\"/!|pFꕦl1>J\\\*M4\ڙT_#}tVJ \nT(A\-\Z		|1A!@g\\2#ᩃ\p\0 D\+%\Q\Q[\%v[\C\\r\\@Rw|@*֓^><\?\l}s<pxgʿ]gY&\u&\\ZǀPp\"@\\r`\~܀^C\Dw\"\"Á*\.\\&hU\\i%ʿĢ4At&\C@CMPPL\C	DnڏG0^ \?\\7\*\ߖ\?@\ר\0NJiTI1-1aA\nMpA;,nI)Iń\\Ro\c;o\ܹ}~\\Y&\y\X}$\"\Vw&rt\\$T^ЅtwC~Tw&\\(.\4\nt\n	R	x\r>2\r\"\K]0H#Ͼ]O*/+\2<\ZO\x\?-\\~Q\0g2\np~nh\>AˀwMZ^\0>5\\nW\N\}o\\?-\&WEI\nЄAZĽ\V\r;A\C?V|\=\ hC3=;\!\\f\A!gJ$Zt\Z\#\D {\z^޽a0G\n!_W\1\%\dtєn\[1\0=B	@(Arc~^\\\%\8q\"B>A{Y\LJyA38?rǝɾK\DB(\݀\HC^Z}da\\w҃\\])/`q\%\\'m]\^\cE\`2N\)\n\0	K\"\b8\5\V南q\"C\\\e\r\et9\0J\n\0\mB\'ʶDBi\\\_(.EJ\0<)!\np$\EV\'\\\8!\XwĻ\(o\{\򂾉//\;\?-Q~Τ B=\\n0JC	<h\5WM̌#܃u\l\\\\0(/\0\>f\wۖ8k\'WU\\Z\\n\nQ[	P1q\"uGa\'\|\'q̠?26P\'D\'B@$X	\`_}\e\rDܯf\"\\\\Sr\\Z{B^\\^ؖ\"SB\q\0B	\rtDe\5\q&{%o\wַ{\n\'ʩ\X^:N\cا3D@Y\`G0HC;\#G\v\"CV1 \FK\\qPc\\0^I\(	\7*\߯\\n(\\r@n$`E\kw(1@D`?=^˰$\;\\\͉Vk,PTޅe1z\\	Ea\\D\0	\"8lL\Zk]J{Ц133s\;e\\?*Io=ܩ\b`7@=(\\"qRB\A|c4\mo\0\dfP6@=Enp$,>\JD\"K\"\W;F{L\0^^V6lCGgfAB6\0\G\kp\5`\G<JDd-ˠ^\(W?\'\\\\\e\O5j\: 1A[h\ZG`b \ϋ\"١FPvz\Hp\\G`b@DW\`\AޏvBy|@yP\iA\p[dP}\L,bA\ F\\\\)A\>\\\g	.^G#\ \A\\\"\Zg\\\\0p! B1~g5o7*tQCS\\"a\0\8bBl\*fD|4}\ N\w[T6Тb\`\\5\G#\@D0\?\D C]^QW#\`10@\\r\ \kP\,\\\"K\rDfgIF<A-\"]|\\\Zzg<VlqE\,5!\GV\?#[YO	6QT\\\qS0HאaaRRb\"U`!F\WG\'>x\n\>։3H_r\Z\ZE`1#8&Yj \"\z\?\D@Ԯ)\\r\G>X{\\k}܇o!+x\rq`\\\'Yj \"!^gW⃠\;\(\(O\x@4\/Q#\Z\45J4j@)R[jiA\\jm\\\\ot\r(\R.\ЖV\%\*&\-Yfw\gHJ\q\s\;+B	-CE>{\_D~\<\AcC\rJ<\UTQTbD@\rc\O<\|{\\:\\\Š2\BdRd\\\w,rG{\!;>hp\ԩ\\f\\nN\0u:}\\\ \E	FFGBAW~A\CD\0o⎅D_bP`\r>\\ZT\\;Շ\Z8Ȉ@Dq\^E\։\Ƨ\ӚիC|\\r\n\\>v\r\\di\\@/֖j\\ZDj\\##\\\\"و\"sa\ d\\t\\`X\\Z\\\EO\]C\\у\\_\E%\XDK8\lxgP\UD>_C\;)XAA!D \\Z\G5\s,B\r5W\cUH\ɕRC\r{dDA\QUAWqXߋ\Z\]\ꈐND6(,B]z;ݱH5\\\6\\*-p\\\8\@?\c\p\\\:LD@\S~\/\\\\AmFm\rP֐6h\[\k2!JX-*7Є\l\35q~\!m}v\k\\L\s3_\\\r!BRո\=aPQ\~H\\\sSպ&\\cqQX>f>60PʹGFFEGW{\j0I4\GZbD0Ur\\V>*C;\3}\ƩoXi>K\VTsE\LtԊݡ\n\ԗ\"(O<\\R\"\"f4\0\"EA\I\ѫ\uZp2	5,)֖W\B1\\\\@H<ʌ3Ѝ\"\"~\P\\Ĉ@qaq\*HR\"a$3(*\"\"2\Z\";Y#ߖhI x\EV\0lZ|@@je+@{jm\\\GFyb+\+D\"]\\F`DWoRz\Q}A\q< \\LBK\oϖ\\;Om}$㙀A\n\"\zI\-\$]gD`D*BoK\\Jp3v(A\"ؿj	\\\l8\0鈠+#}Ӟoϼ\w<0\"X1 M\\,\ZANRGC3\0z)I\"\ߠ\\<vo(ONb\\w\Fj4\#t3\EFt>\0)(Eu\\ef(@{\ZO9Q\rL\(Ғq Q\]T#\$.\'Aզ\0\8֥\0lU\yz\Z\r\\?\BTeQ̹\\I[Vf!\nLK\YJ_ɉ\!ՊJ{p2\2 \"|y-=R\"(C\\Ȉ]ђ \ғG\/._X\4-\"\"`Л2D\V\\W-V\C\ql`-\"\ndD`DQ\\\\:kZb<\	\EFn_ao8B#\\\\\D\d%;w|j	\r\A4\P!$DXR.\0\\r\0\ZPJ־K\\$\\"\"$\\.NF\VDC\\Ȉpc\"µ\+~\}(\"Bۙ<Rw\[zG\05\VW\F;\"\r&8jnE$4{\!\'Ɉ\0\Z\g\r\,yyED\8\n\\{{zED\0Ӣ>\0\a\\0\\0:\\`fD`D}2IJP>\Ɉc\"@\n\"O\\dD\UWb5|\\\raqP\\"|/>\n\rn\&W\\g\Z\=D\ӥZQ}o8B-\"UKt+zD@сpnFgDC0\0K\" %\D\KR_66? aA\"Vt9DhE4I0A\nW\_/!\\\0b06d#^VB\`6\Ĉ@@\\r\'zjEPAZ)\\\NG\\QU\\͇ˁ6ZňpW #B0\"#B-\1\\"xɈ%06n{\}qw@͈`Kи\\r\'ՊDפMls\nssm\@/\\\KlTUI\J$Qb|,ܹ0\ZD\JML4\5\rqc$ \\\n>yڊ4\\LKg:-ŖAF@\c1]ٛm:s\3sz\̗|iH\8\;?zJ\\\ZP\>hD0J\D(P\ɑ#c\ā\D^@\"\rI3B&1&-.k\n\"HR#L@\"$86\\\\r(\\ޫHR!Beg\'1Ka\U\ID $\_\>.\>6PCr\"x~\PD@nٔ\ntl\I̘Ƙ_aS^=$>\	ڕ7\'\wS~pGݡ\\.\5)m\\\@\"[j\"\\?G4+.mÀE\`ҙeab|\+Ws\y\.\I\b\\oIDp!B?Dx\\^(m\G4\_A[˶\"e:UD \`u\0b\\"@jNbF;H\"$;\?DX\<D\"\TXw\\4\F1\T\n\"~D f>X\\"T\\"\vקN9`L%5ED\_\/\ZU\\;]2\ZD \qtԻX\q|t\O]1\*[*≣URE4\;XD\+ZZWDlu\@\rtG*IiD H\r\G\D@z38K$3UDyh2RPH\78-PLb\ID HD@	Dx\A$\\OM\&&\Eh\FE\$#\V\"\9n\b~sCu\'@\"YsV\KPP\ZO\,D*DP\\`\\\!r}m>:uED9:\}.^x_M\\4\c/\TM\;F\"L\ş샂D\)D\bY%Hebc2\uVOWjK\cw\+\ă\8:Ic\\BQA\'`5k)-.oL$BI`V)oGo?3\9E놩RBD\h\nA\/EDO8HXvD eG\\\Iӿ.v\cGÆ>&\ZXtd;\Z{4s\`˱\;\Z\&@R\a\\\\D\"\kPZ\z{g\Z\8=\8MD\X\\"(\*Hq*J\" \\dH\"$;\5\\!RWc\c8$lT!JA\3\y\nz,f\" kL[́sH!7\" D@r#M]7^M\5\E\z8W\" \A\h\n!w\n$B\1@5]$`N\Od\\uý[Dϥ{f%)<1u\\\\n\" {VD(!\"\o\Z#\wZA\&%D A\\\q\\\\D\\\YDM\\0\\\t\" D/,#3\B5\'D(E\"T(-Ϋ$\Ndɮ\O\\Dxi>vW]~ \\1\'d	H\N\"\_it\.d\\\ڶ UD j\;kH!\D@4\"\5T\r*\\j\" 8E\ԙ\"L\D(\wB3@\\F8@I!k\\H!dD@f\\\c(-^C\I=\0\A\Z\RiġB*\4+D(\oo,\\1}x$\DX\n\@\"HnD@E\cP\AuE$N!FD(4t@\"\$\\\rI\7\'HH.D@	3PGp\Z=pݠx\'i[E=jO\\'$\JH\\\\Q@\"5\\/\ZL\'ӞD@W\r=\"@|a\\D\2\\'\-EI$B\ae\۶(-&I D@\%th,	\n\" N	4=DP	N$\nJ\"\n\\ΝyvF&9HqD@M]~7$B@\"H\ɑq<UOO\"\\l\"\r\\\H)AFz	wf U\\\$~\"\Jś\tdA|@\"8D@\!ЀEgSfEYECӓ\"&oTAx;\֯\r$BVAEd~m\\V\'\"@\" $ B\\wU\qϋ^/,Q1`\\\Q\\"Jʂ\"R+\tsەm\=\\\\\tV\ܴts\n\=8SqH錢]¾g{\ν\ޯ|\\\ޜ\\(nbnr2*{GG+V\$¨6&\IHA\r\Q\rd\\r>?+?^z\r\\0Dn	S\tƕ\$X\"Y\p`\[sA3\\Ė(A)\9\ZD\"	nP\\'F5D\\n\{\\n^;k)\"@\"%BI\\~\D\\'\\lS\NM\\g\"\o8=\#fs\Z$JF# $BDI#N\\~Ov9Q\\\\\\r4D <A| D0\aTS6\v\\H\"\'5\rM\rfbF8=J=>๤\?\Z\qlՇG@\\HD\UQXq\M\#@\"$\=Ds\#B\"4F\b\\\Tߚ..DLau\?UP\\\$Bi@J\+DT0HI\\D8\\Y86\M.\$\{D >0`T()Z\ HD\iz\" .\at\u\\\D8\U\ŗKHq?A-* \\cH\"$\\'\n4,\\^\nINm-]o\h\cґ\iJO\	X$<4\/%ූ4F\"\\?$ଢ଼AկhG+q!B,>j\`֋C\\\%\\%_]VDPO\F<mW?q\F\r($\dNE\\\]\@\"(`z2\"OAQ\6<U,YҨ`$\g\")Z\V\'V$t\\\"\0)\~SA\\"B\"x\r ;^@\"1\WA\}%aV$dz\"D8|q`жt\'ƈRD5PyuK/46\o\	rDH]\"(ZצVsH8!\\̭޲ȭyz\n!\%b9rD\+#\6JEP\q\\\$D\\`M\\~ݏD\"b4\rȠ9\Yĺ\\YN\" $B\\[\l0pb@@\"\Mw\"\*:M_\ɡ$5^\,(\n\$$bB\\x(\I\rD\"\ffםPP\vA\s7xkOw\rIIH\\3F\i(P R[\"`\"\z%E$BWnR@\Dtא\D@A\q?2<\rF\ 6J-Vu\Dh\#8A=.D@R-J\\\\?\\rE	\S񸊢\\Av<A\\	=7\E\\\bX\e]愎¼\u!\rT#\\E	\\BpN_~\%8OAͤ\elg \X!\\r\Y\\0WB\kO\މ@%\\51j\\r!Gb%EQG$9B\5RΑ\p\_Co\Xڍ\>+\DVSó;#\\B\1\! \\yi)<}d\\s|DДj\HE3j=mjX?}n\0\B\5$7\\]ν~X\@\*iZ\"#BƻF\v#ñ\\5f\Q؂b(N5\\_볻XwD \\P\z༩чa+\\5mb\CO\\}F\2jDЌ[X2d\	\0\Y\rF\\6\ZyMNRaV\6iqQ\ٞo~1\\;Z\\J\lg \\з<KӘMD_ JP@-n\\nA\)$42jDЄ[#`(A4\wy=\\F=\plpe\\yk\\\bM\H\0U,Z%2p>H\\\x\\Z|A\s\.p2/\\P\t93P\\" $\jA2\\@L% ;\\,orZ± \[O~\B\\@\" ﻆ9\\nA$.\8Ή+\\w\\O\2;[\HM\a<DR׽Pd\?-\2\0\rq3˻\"\\@\"$@P\" Z!w\r$\'4n@p5яkW(\ZA\"J%L`O\\b⠤\\"\m\rpр\\\:8oub\"\K,bшk \nHiQ!\ឌ\\3\Z\rP{8ѱ\n_\03~\bѾnD\\]B\"0Ε$\\\yl\\U@\ZH\rzU\(\CV\r!QʑVM)wm^\\\\\\׆s\	\r\MHQ\Vj+R)\\hvvvvk싾\Z-8XV03\\ی5D@sUo_|ӿ.`9\\I~;\'¬<YM]K&\8A^N@J΅]#Rǥ[G\ZN/:\!J\`᳊?\n\ZXH7\\QK3L/s+\?IT𯃇ƏC\ի^\_\;\"\ \uL	\-\"@\7R{\B\x#ЀY|HgKF\"\'.\"x\\'\rt\5$\"dX!_\5p\"tL2_y\*{\W>#_ԷD^ȉ`;J8\n@խ,?L[\iQx@U\D݉Eg0ǖi#/\Z<[H\'OǣN}OWY|U\"\\\\?6\\\*𚒈e\\"an_b\s\\"\'\lN,kS}\'\'\gAc!c@D\s7\ج3|U\"`\0\0sE}\n\"PDPn7 U\ZZE[)|\vzҐ1\$f\'B\Aս/-.07y\\3\/i\r(\ּ\\u\«#)\h\B\]b\n%\_<\u|ʔ\\ha\'\'\\\0%j\\G;\"h\5x8;\\I<+3\f_ y\(\\0m\\\ɕDX\\5TY7\Ծ$iED| $\"p\"\ W\ۘlwE\'#7\?O={3\/<ţ/!$\E\BΉ\Z\"\"(R\5ȉ\h=nE\\}Բ{\"\ \'\\#\ݏBk6\\j.\Z-\ĻSoՑ\QK\\'q$\b\n!\\_\IDPwux\`yuYL번FTĉ0PM\o\a_i{l>/:\\JXTD\'k7qu\)&i\\,0´<!\<S\\S\2Խ82\ l4tAN\A\85ntA\ТBBV;N\\m{FXǓ\ZX*K=^zAa\ZZE4 ?:l4ݲ85(qQD3\"|\\ĉp{#\(\"h-\`J\k\fߛR*84fԉ\Jp$M	Έ0/\\ \\>\y\\wB\"Ȉв\\\ĉ0\\\	;BDп\jc_xKb;\'9CN8ҳ(\n&G\n\"E4ȉD>\ߌ\\\\ĉp#P\⻷\\\nN\-1\e}\"\J\Ô$\" \"\"\"bh8\Mm\"ꥈ3\"\0Kp\\M\D	tYR	B\q5~Ft\"\1\\\p,}7\t\V˪쐗\=\>8w\ʽNo]sE\u\"$R\'¼p\(AOZ\vCP\nN\"\\\\9#B\ \rm\t-4\\\ݛ8n\q%\\7\\QBφ=xqfc_x3\\	D\\\\?,+,-{=TR~mۭV\\~^$ha\#E<Z\­8>R\7&!S\CeV-x:d\\-Գ\\C\l\]s\l\q\\\uֿ̅Xh\׍۟\kzJ8\FqZͧ\\#\\\-,l\ Ո `+\":\n\",rNa\\nഌp~&\"f\Dq{\rH\]޾?Fo7f?RYb\la\~\{\zXZ7K\b,t\.G(%\b->EFfB\r,\ֱT+Kȸw0\PT\rfU,R<\,R!B9Tb_P(*\eUU*ԉ\\a2\"\",l\(H߅j>\3נh?v51!?(\w:\n}\rz!Aac_x.,\ĲzYΐ\\D 4:\\\#!V$B\\0\\'B( \>BJ%xJ\\"\\\ƶ1Lt\U%\"p\"\5\\kP*\!\+8x=9Ě$Q\nV\\Us\\q@)୅\cZϗ>e\N@(\	2!ՎH6gD@+\"H8@Dj\"p`G0\"D\\\,AI\n5\"*\XHP!h\.J\\0(V\j\>\'\'X養\,^C~#\'\GO\Z<f\\r=EٵՏu+.OOuZ10JCCY\\\\v%p%|4\ʶjOŠNxZE\\#\"\*\JAjDQN\%\D&;ia7LbX|߭XEDp\>0\\\kebg2im\IGOT\qb\\Vw\\v*m\Q3\"\\r\\n\&\\Z\b\Ob9V\@:\&Bs\"\)`ܩ$B)נ\r!r\"PNZMM0C\׍,\utnS\"p\"\i>*\\\&df ]\\\\Z9w\Щz&PU[D%\"R\'\\\j\`J6\2Y08\\\gێ\)Vp\!\@=D5oO+\"D %$L\\\Y\"r$B\"\\U\0 P\ZYtzX|v{\\O\gD\\`A\%n}tl\RctE~l\\1,\\Suv\t i\vU\"ܓ\Y^H@S,\c_\x֔Βw\yl\$|P|L+;m\~GY!o\'Y~=̲,s/K\'B3\":A\FCt-3*WD\xF\qEy\"\#B\%$\\00],bJ\\' > \"\8\\ZH\^6@<`%l@O\\'\\ҨzGِŲ&YU\"\_HX\|.m\\W/~謑赳[{KKK\\id6g\\T[8|+8\k.k}#\K\$+<\"\+9i+8\n匲=\"\0\"O(\\ \"\6\"\JZB\Hꄢ\_[	,_(eKei\B#bCB)\Rr\"4\z\.\\7>zo&H\^)!\D4txƂ\G\M]\ŏ?C?&}\_v\ZG\\ͅ|H\>\\yKo^<w\UQQ۵k6\+\x\\w?J:\2\˿ye\r	 \\\\'E(\*z\nkcy\+32,}\VYZYn8\\⚙II(Q(VtX3Z[]Z\`cJ)-,ye0󄭌q[\c\ZA`E>p$@A\\D\c\fZ\\br`^)Y}j\Z\&(nO lض+2:\\+0\\\^\/Mn(OrB\\af8\\5v\<ۗO\rP`c\8ЏP^HB\\0VfW\\:5 xZ!l\h\n\\!\_ɜCdo9kҮ\6\>PA\\%\"\e\D\\,\\\WbYӲMI%\=~EOAX^TL\Μ{<\\\ \iG\"<\(m1P\	\"&X\(3+K\rY8\PxDFI\~\Z)^P⪃\\\\.}h\NJ\H\\\m\"(\%\l	.!f\\ȉ0D\뻧Q\SGO\v3pt&\ntArcwL\\]\\!y:|D)\@\s\n\FY:40\Re\ZD\;y#\/0\\gϮY\/|\0\|\7юI	\zMJҐ\u[-S>@\nz	ye	\2p\"\^C|OPAzr\@\\'YC\0\\\E\Z#t[\^,@c9_$\\ ^\,\$\"\\\q;$ē\83 H\ R@ѷ+&n\Q	Z\l\>P2;ܪO:\k@xAQa!\-! K}\\\7\\WU*5IjJ}ԗR\ZRDUU\؝\I\\\Zf\\\0BhIF\-j%\{._\7܌f<>\GW_\a<s\=\2-]Ȯʚ찿_,f.+h_o\Ԃ?\\;	|l웹0s\=\0p\\_r?\тQn\\\ba>M8A\nh`YB\'CN\ti\w-*\\UtÝfpl۶\\KV݊\[B\ZSa\c\'l\2\iC{K\\'*Q];\\\2;i\\\ڭ{SN \u\`l\\\?Ǚ[\⿍XdB(\\\\'\ ?:\\< T\1T\KStY!AQP#``P\@\r5p\\Y*%\OT^:zNHï\nQt\\čۗ?g#B!x+\pj\\8\\g!x6c-\\P\:yV\G0\BJOT^V\"\܍\n0gp\\{\\\\\m&lHCׅ)\'`R\#TQ(Ce\\Ҫ\Q<]\o\'/E\$-AAG\"ȶ߀e^BHֱS\'*Q5\г%?\?N3\aLXV910\'G\~0>\	SSR8\\d9O+\\5E\\0<@\n`\\JOM3!QA٬`p0teA\\:\(W+$֔\͟Ŵʕ\'K4,QN`\0_3\O+\R\\\\	HYN8\IE``V\"ءb\ӽUKAd\"!o$>\T\8\?,\։@?\\c\rP\\4s*4]\i,8d!8\͘\\\̋w9\\\՛%*rl\i	emz\זV}\\2{̝\hT|I%0\\҂D;`5\Y,T\{e\%{(=b+\#q\?\n\݊\A-$<~4	νO\J`\r*\r\]V}\\\rqTjA^\~@`3M,G\qA\K]BH?Qя2xE\=~f`oQ02)\l\\ϡ\/$\		.r\\\	\>.K#u)FٸE\\\\&F\x?Rf e}\PJmX\bk;?\\3\n	\~j\rb\"\0ү/0!4E%\b\͗}M_N芐D0T4v-\{\.~\\=%\(\\4(I\HΩD6L\ϵ~g\\bA\p<i*SHx\E>r\儷>>bJ(Eŭ\"UE\0O\pt@D YA\\n&\hJE`\"\3Qя2xE\͘9\@E\&mv8ܐ_.	h\T@ĝȡVp\Kl?8rf`Q\(18!2a;Z\"	.\\'*zEX-,m\\'*a!\0ND\A\"p\7o5\+h\\ `GM*\"H{N.nƳB\~z|\n\9NP\dE\5J{\"H6\\(W6OZ\\'As$*B\KW\{g\ZTZ\tӖp\?_\դ0WȲ(\0P\n\v\V}\YArq\z\TO\l)u\ZQ0\k\",\~W3\\SD\\"!\\\	ra;i\0Fm	䈵xc4B2e[؊Q\n8l^;yyX\p\&kLBxb\\x|¼Տc\#@̙~tr\867\2^\nr\\If8i\\,6νe*1y2\\V\V,A\E5BE\\~\9%?\\a5<)ޏ\(\	ۯ݈F\\:\ipqF`LevՂL؊ 4]rR8Sg\\<C;8o\\\1\\Q\ L3I# {2\1}ȂѠ\pDH\;\#g$XO\'\\\OO|x>xdLH<a_\b _>D\0y\"&kc^\(߂\$\#\\\\n\\0P,S(r\i(\VK֕\~WC~r(KJ\\\?뷘B\\^ă`z^ħANb$\'$r\\0[H\4\\3\V\"\Y$B\"Xǔ@G\\\ر\}4\\"3\\0\r0?STK\n\/_.-[L\\~a\`24E\04E\0QΚ\@4\jt\r~Ѝ%?\\\n	P\"W	ݺ7\";\ؠ]H@S^\Ƌx>\ZfN\p-2\VfK\\A((0\,E\0\"d\"d8&Qhf\\"\Tv\"a`!kPbk@`f	9\\8*Q@ȁ]\p(\/dE@,ah0a@*s\d\\c* IQ\V\vP\1V\"\3K\\Q\OT\\6aǕK܅\&\87\[c\޹ॹ`r`SRZ!T\\nٚ`B]\0f+ԂvJ倊@\"0*q+B\x\X~@l9\u{ud\\\8\ISJ!m	xT0HQy8!\m\!\Dx\6\Lm\\dK\"\gQ<hn$ %?Q\+\\CUz~\!jQh@Elq{\\\jEpR6Gr`S.E\09\}E+\\"dT3`9\\\"d\^9aT\P\z_\" \B\\\M%HևO@\\è_XqE\\\Pf+hxIE@p6%fM\+V0\t	OTЅA\+#f@RM\"}!\07o|~\0\"\0Uo[\"\!gZP+Bws@(p+P\`䠎\"v\"P\r?@\r$\ډBxp\T\uPa_pE5E\2@QqQ,c\Zf\fa\<l@|CGүu\"tt!aMFEp)p<ď~@ZXH%\]Z A$YV5AAUTܬf G\"Eؓv\"9(+<Mcz(\Ѓ4tp)q]\\\0\"c\ZN9JH\\V7f\\+B;	fE3\]a\싌Բ\O,\`v\ \\0Dk	\j\ E\0RJNE(\nK@Zठ]ǒ0PtE``V+\$\"\9\WW\r<\0>8-\'CE kJE rRA|uE`\\"\\[r8\C\|G|?hC	OT2\\Zz\nT\m+-}\X\?y\Z\\[\\\\\!	%\"n\rFC!\\0\!EȤQ)4E\0\"\0f\VuRSЗ0T\Q a4\(\E@\*NE|\s!\e\"q(_y\ώM$nE 4K]uz廁@\CN-!^Vŧ:\\\_\\\\\\(FkkT\\]{\\뢧%@\"\2;¬hB8>\@ G17_dq_f\A\n ` \;(͠O5Q/8*4}H`/%E\H@R\(\\a\b<	_s!\rdR\"d%\"(WEA_V\`c\װ9l>7(~bKo\\'*zE\B\\jK..h\\ָq/no!m	\n\ZcY8\ DAOE kP@\z(-\0\Vq\r \V\>\<\0\T\,$\B5\И\"6(\/|\և(\s2c+\	2g\"u8+\O[·\ZV\Rt/!xEl -B@KH\;34\\V\I`+\\"\0U2w!sͤ¾G0yLTE \(\3FEfTcn@ hAU>&A\V\\o5\wMU(%@oȄh\X}E\\ᜃ\P6-Cgg/	\0\\;\\~\\'*zEfiC\\%ހ6i8JC?\\ٖ\nE($IJ\0\\\<P\4E0G*h@o\X\nEf`\9\"\\;^U@?\a\AcH(p(VN\"iKE\1AҀ\"\\Z\\Z\=.E`)M&8l>Da\\1\K\	UHH?ܠ@E\0\\M\\rhs\\Z\\r\"\0`P\\ݗx7G@E` E0G9@\"\\ZTj\E\0\"\S\	nE@X\"6Pd \5 \כTsOQy\|\ň~nbHݲ/!xEt\\!`q;np6<\|!*9\AL!\AZT\[sm@;>i\\\\ɉ\\A\e*zt\"+_P\7R_L\34\6A2\\{UTEЀ\nTC?{Gx\y\!H>(xׇ8.#\Ec\َ/\\\L/fvk<jw)\W\l\";l\ogGr\\.lT\\\KAJA\[bJ\|	!\:\B`WHZ	 BY	)=JByet,Du\a]\'p㲞\'\ł\E5ؕғA|Iȷ \'§OS+\"PAio\n(\" A\\%\"Lߓi5\u\'\"p\\~`B\6OYs\͕ࠇ$\2D	!`3HX%dc}%wfwq$Vno$\"v-A\"҃%i&T%g\"`UD\04[7y\"|\"_\5#³;7A%\k$$\^\0\|G5>sQ\^wNQu!JA\\$e\"ص\\\rD评-\J.!N$R\mZGərů&G-\\b$Q @\'\\fjA\^MB_b1Nk{ޗj1h\" @N\)y\"h+\3*#\A\(\' \\0N5\irPmFo\O:W\އiGj\n<|\0>|`q\\kJQ>\SBA($t \	\c%\\A	\ɵ\\ܷ\˞$ꌚ_\dII\ \\ZPkl`нE]0E\\fi\\-\@\S	\\g\\rOA\_	QK\Q	?67Mv:\\y}Vg\}B&M>ܖ6\\s\bB!R\"\\\C	J\6\M\t۸o4Iڊٟ\F%\Hٽ2Qs}Z\A L	\YH\.-\ދ&\%l\"\\V\\9\\\ɟ՗\<ts\|ǁ$>i1%DX\ӏB	\Ô\i7 3Tb&۶%{\~}\\N+\V^#\\ϭ^}Y!+0͊\ſ\'\"v?\`\z!U[&#\:\\\yd\\rd\/\\\B\;، O)F	!BoLSLGdFL3\\8 }\0>QJ1JA($do7GC_%H\(A2Q\0XLd\k.\\\\G~DѢ\% BĢ\s\0h7\n|Q\l\/\0Q>m1D	!1+$,xaQPM \	,+H|ـ\Ap\"\<J\/!QH[S\`\\n: \e0\0\'}a\G)\(!B	)v\r(\(V`cxP>\G[J\B!\n	 1h\n`8+	\pJࡠ@p3\q`:|`\)EROd\"	^\r(8\\C2& d@\\`.f\\)\(!@$\\rC	^J(%MB9kp!Y\`}\0h0G\F|p\)\(!=Iɪ\`?`r3. \ZP,(\Ds\\#-(! v7J\`o-\4hP\z8\\#l!JAPܢeapצd(\\0r3@4\\\D P-~J1JA($sV\~(_	@@2qL`#,|`:`\b\SQB\"D!\ܢ\c7t9\n\r2\q`\\\#,G?\J\n\"\#\68k%Y~%ؗ\P\\0.\\Y\08\\\\\7\A\[b<n9E\\(Q \n\\0gd\\\fDAl1Ĕb!\\\0$18\\rC	J F$4d~MYˀ\_<08\\CAjn!\0%\+(Lɠ\\6\\\\GX Ĕb!D\~(_	|\\nV@&0 @@\`F8P>0j.8\"?`\bA($d\n	\\b(_	\h>Pp2 p@z?0\#\b沐\\n\J\8+/\'P`\0.xǞZ\⁙$A\"A\o7C	\7%(\C/+,)^80h.\HbDѺ\% B\%+A%&\\n\nt\q`>\Gr!JAڷc \\0mmw\A,\=\Z\0sۑܤnУ%4A[ApA\. \,\\0D0\z\'B\tH\u%\~\\W)PطB\Pb\1Q@G\\x\\DWY)n\0	s̺<V\\\0\rl|g ?\\0=> E>ArBK\\0G	\P%\P\0V\y?`W,2P8l_\'Y)\w\J\\n\K\\0䐁\t\0N!Bnࣄf%	P\V\\\\y\rT08ǃ\\\0	B*!i\(<p~N؇\\n\ ,\ӄp<\0\\\|A*!q(\J\9mbX\\~\M>\T!BҦ\"A	@@\\A@d\8\\1C\tѩ7P(\9C[Ask@\J^\\Y>\0E4A\	!DH(L(~(\\\PN(ʅ; $D\(\J*A@A	r@PV\\\S\\0\\0@\}\'B\R77`\0J\?\'\W\n:kN΂\٠\\\\1D!J0\0\n*\Z(0T>p\x\!DH\>J\WB+PY\ZD 4	٠p\\\LBd\(aH\{\0`!\0\Zpdh \'z!DHF	|A6(\\\ɹX\0eЂ~<\=A\+\\'\$Y\Z\0\0\0\0IENDB`');
/*!40000 ALTER TABLE `curso_imagen` ENABLE KEYS */;
UNLOCK TABLES;

--
-- Table structure for table `Participante`
--

DROP TABLE IF EXISTS `Participante`;
/*!40101 SET @saved_cs_client     = @@character_set_client */;
/*!40101 SET character_set_client = utf8 */;
CREATE TABLE `Participante` (
  `ID` int NOT NULL AUTO_INCREMENT,
  `IDCurso` int DEFAULT NULL,
  `Paterno` varchar(30) DEFAULT NULL,
  `Materno` varchar(30) DEFAULT NULL,
  `Nombre` varchar(30) DEFAULT NULL,
  `Matricula` varchar(20) DEFAULT NULL,
  `Precio` decimal(12,2) DEFAULT NULL,
  `Pagado` decimal(12,2) DEFAULT NULL,
  PRIMARY KEY (`ID`),
  KEY `IDCurso` (`IDCurso`),
  CONSTRAINT `participante_ibfk_1` FOREIGN KEY (`IDCurso`) REFERENCES `Curso` (`ID`)
) ENGINE=InnoDB AUTO_INCREMENT=6 DEFAULT CHARSET=utf8mb4 COLLATE=utf8mb4_0900_ai_ci;
/*!40101 SET character_set_client = @saved_cs_client */;

--
-- Dumping data for table `Participante`
--

LOCK TABLES `Participante` WRITE;
/*!40000 ALTER TABLE `Participante` DISABLE KEYS */;
INSERT INTO `Participante` VALUES (1,1,'EL','Pato','Donald','12345',300.00,50.00),(2,1,'El','Pato','Lucas','23456',400.00,400.00),(4,3,'Tom','y','Jerry','34567',350.00,100.00);
/*!40000 ALTER TABLE `Participante` ENABLE KEYS */;
UNLOCK TABLES;

--
-- Table structure for table `Participante_Pago`
--

DROP TABLE IF EXISTS `Participante_Pago`;
/*!40101 SET @saved_cs_client     = @@character_set_client */;
/*!40101 SET character_set_client = utf8 */;
CREATE TABLE `Participante_Pago` (
  `ID` int NOT NULL AUTO_INCREMENT,
  `IDParticipante` int DEFAULT NULL,
  `IDCurso` int DEFAULT NULL,
  `Monto` decimal(12,2) DEFAULT NULL,
  `Fecha` datetime DEFAULT NULL,
  PRIMARY KEY (`ID`),
  KEY `IDParticipante` (`IDParticipante`),
  KEY `IDCurso` (`IDCurso`),
  CONSTRAINT `participante_pago_ibfk_1` FOREIGN KEY (`IDParticipante`) REFERENCES `Participante` (`ID`),
  CONSTRAINT `participante_pago_ibfk_2` FOREIGN KEY (`IDCurso`) REFERENCES `Curso` (`ID`)
) ENGINE=InnoDB AUTO_INCREMENT=5 DEFAULT CHARSET=utf8mb4 COLLATE=utf8mb4_0900_ai_ci;
/*!40101 SET character_set_client = @saved_cs_client */;

--
-- Dumping data for table `Participante_Pago`
--

LOCK TABLES `Participante_Pago` WRITE;
/*!40000 ALTER TABLE `Participante_Pago` DISABLE KEYS */;
INSERT INTO `Participante_Pago` VALUES (1,1,1,50.00,'2023-05-24 17:38:35'),(2,2,1,100.00,'2023-05-24 17:38:35'),(3,2,1,100.00,'2023-05-24 17:38:35'),(4,2,1,200.00,'2023-05-24 17:38:35');
/*!40000 ALTER TABLE `Participante_Pago` ENABLE KEYS */;
UNLOCK TABLES;

--
-- Table structure for table `Usuario`
--

DROP TABLE IF EXISTS `Usuario`;
/*!40101 SET @saved_cs_client     = @@character_set_client */;
/*!40101 SET character_set_client = utf8 */;
CREATE TABLE `Usuario` (
  `ID` int NOT NULL AUTO_INCREMENT,
  `CorreoElectronico` varchar(100) DEFAULT NULL,
  `Paterno` varchar(50) DEFAULT NULL,
  `Materno` varchar(50) DEFAULT NULL,
  `Nombre` varchar(50) DEFAULT NULL,
  `Puesto` varchar(50) DEFAULT NULL,
  `Password` varchar(50) DEFAULT NULL,
  `Activo` bit(1) DEFAULT NULL,
  PRIMARY KEY (`ID`)
) ENGINE=InnoDB AUTO_INCREMENT=2 DEFAULT CHARSET=utf8mb4 COLLATE=utf8mb4_0900_ai_ci;
/*!40101 SET character_set_client = @saved_cs_client */;

--
-- Dumping data for table `Usuario`
--

LOCK TABLES `Usuario` WRITE;
/*!40000 ALTER TABLE `Usuario` DISABLE KEYS */;
INSERT INTO `Usuario` VALUES (1,'administrador@cursos.uv.mx','Administrador','','','Administrador','bb3a8400290e1b0e87e7d72a32213f10',_binary '');
/*!40000 ALTER TABLE `Usuario` ENABLE KEYS */;
UNLOCK TABLES;

--
-- Table structure for table `Usuario_Accion`
--

DROP TABLE IF EXISTS `Usuario_Accion`;
/*!40101 SET @saved_cs_client     = @@character_set_client */;
/*!40101 SET character_set_client = utf8 */;
CREATE TABLE `Usuario_Accion` (
  `ID` int NOT NULL AUTO_INCREMENT,
  `IDUsuario` int DEFAULT NULL,
  `FechaHora` datetime DEFAULT NULL,
  `Accion` varchar(500) DEFAULT NULL,
  `IDUsuarioSesion` int DEFAULT NULL,
  PRIMARY KEY (`ID`),
  KEY `fk_usuario_accion_usuario` (`IDUsuario`),
  KEY `fk_usuario_accion_usuario_sesion` (`IDUsuarioSesion`),
  CONSTRAINT `fk_usuario_accion_usuario` FOREIGN KEY (`IDUsuario`) REFERENCES `Usuario` (`ID`),
  CONSTRAINT `fk_usuario_accion_usuario_sesion` FOREIGN KEY (`IDUsuarioSesion`) REFERENCES `Usuario_Sesion` (`ID`)
) ENGINE=InnoDB AUTO_INCREMENT=274 DEFAULT CHARSET=utf8mb4 COLLATE=utf8mb4_0900_ai_ci;
/*!40101 SET character_set_client = @saved_cs_client */;

--
-- Dumping data for table `Usuario_Accion`
--

LOCK TABLES `Usuario_Accion` WRITE;
/*!40000 ALTER TABLE `Usuario_Accion` DISABLE KEYS */;
INSERT INTO `Usuario_Accion` VALUES (5,1,'2024-05-18 00:58:55','Generación de nuevo Token',26),(6,1,'2024-05-18 00:58:55','Inicio de sesión',26),(7,1,'2024-05-18 01:08:00','Consultar todos los cursos',26),(8,1,'2024-05-18 01:08:00','Consultar todos los cursos',26),(9,1,'2024-05-18 01:08:37','Consultar todos los cursos',26),(10,1,'2024-05-18 01:08:37','Consultar todos los cursos',26),(11,1,'2024-05-18 01:08:39','Consultar  cursos por fechas 04/18/2024 00:00:00 - 05/18/2024 00:00:00',26),(12,1,'2024-05-18 01:08:40','Consultar  cursos por fechas 04/18/2024 00:00:00 - 05/18/2024 00:00:00',26),(13,1,'2024-05-18 01:08:44','Consultar  cursos por fechas 04/18/2024 00:00:00 - 05/24/2024 00:00:00',26),(14,1,'2024-05-18 01:08:51','Consultar  cursos por fechas 01/01/2024 00:00:00 - 05/24/2024 00:00:00',26),(15,1,'2024-05-18 01:13:18','Modificar el curso Algebra con ID 20',26),(16,1,'2024-05-20 13:58:57','Generación de nuevo Token',27),(17,1,'2024-05-20 13:58:57','Inicio de sesión',27),(18,1,'2024-05-20 14:00:17','Consultar todos los cursos',27),(19,1,'2024-05-20 14:00:34','Consultar todos los cursos',27),(20,1,'2024-05-20 14:01:16','Consultar todos los cursos',27),(21,1,'2024-05-20 14:01:34','Consultar todos los cursos',27),(22,1,'2024-05-20 14:03:32','Consultar todos los cursos',27),(23,1,'2024-05-20 14:06:44','Consultar todos los cursos',27),(24,1,'2024-05-20 14:07:25','Consultar todos los cursos',27),(25,1,'2024-05-20 14:15:34','Consultar todos los cursos',27),(26,1,'2024-05-20 14:16:06','Consultar todos los cursos',27),(27,1,'2024-05-20 14:17:07','Consultar todos los cursos',27),(28,1,'2024-05-20 14:17:40','Consultar todos los cursos',27),(29,1,'2024-05-20 14:18:50','Consultar todos los cursos',27),(30,1,'2024-05-20 14:18:50','Consultar todos los cursos',27),(31,1,'2024-05-20 14:18:52','Consultar todos los cursos',27),(32,1,'2024-05-20 14:19:57','Consultar todos los cursos',27),(33,1,'2024-05-20 14:23:36','Consultar todos los cursos',27),(34,1,'2024-05-20 14:24:45','Consultar todos los cursos',27),(35,1,'2024-05-20 14:25:34','Consultar todos los cursos',27),(36,1,'2024-05-20 14:26:50','Consultar todos los cursos',27),(37,1,'2024-05-20 14:26:51','Recuperando la imagen del curso 7',27),(38,1,'2024-05-20 14:26:51','Recuperando la imagen del curso 18',27),(39,1,'2024-05-20 14:26:51','Recuperando la imagen del curso 8',27),(40,1,'2024-05-20 14:26:51','Recuperando la imagen del curso 13',27),(41,1,'2024-05-20 14:26:51','Recuperando la imagen del curso 1',27),(42,1,'2024-05-20 14:26:51','Recuperando la imagen del curso 26',27),(43,1,'2024-05-20 14:26:51','Recuperando la imagen del curso 24',27),(44,1,'2024-05-20 14:26:51','Recuperando la imagen del curso 27',27),(45,1,'2024-05-20 14:26:51','Recuperando la imagen del curso 25',27),(46,1,'2024-05-20 14:26:51','Recuperando la imagen del curso 14',27),(47,1,'2024-05-20 14:26:51','Recuperando la imagen del curso 20',27),(48,1,'2024-05-20 14:26:51','Recuperando la imagen del curso 17',27),(49,1,'2024-05-20 14:26:51','Recuperando la imagen del curso 23',27),(50,1,'2024-05-20 14:26:51','Recuperando la imagen del curso 3',27),(51,1,'2024-05-20 14:26:51','Recuperando la imagen del curso 21',27),(52,1,'2024-05-20 14:27:57','Consultar todos los cursos',27),(53,1,'2024-05-20 14:27:57','Consultar todos los cursos',27),(54,1,'2024-05-20 14:27:59','Consultar todos los cursos',27),(55,1,'2024-05-20 14:27:59','Recuperando la imagen del curso 26',27),(56,1,'2024-05-20 14:27:59','Recuperando la imagen del curso 20',27),(57,1,'2024-05-20 14:27:59','Recuperando la imagen del curso 7',27),(58,1,'2024-05-20 14:27:59','Recuperando la imagen del curso 21',27),(59,1,'2024-05-20 14:27:59','Recuperando la imagen del curso 18',27),(60,1,'2024-05-20 14:27:59','Recuperando la imagen del curso 1',27),(61,1,'2024-05-20 14:27:59','Recuperando la imagen del curso 8',27),(62,1,'2024-05-20 14:27:59','Recuperando la imagen del curso 13',27),(63,1,'2024-05-20 14:27:59','Recuperando la imagen del curso 24',27),(64,1,'2024-05-20 14:27:59','Recuperando la imagen del curso 25',27),(65,1,'2024-05-20 14:27:59','Recuperando la imagen del curso 27',27),(66,1,'2024-05-20 14:27:59','Recuperando la imagen del curso 14',27),(67,1,'2024-05-20 14:27:59','Recuperando la imagen del curso 23',27),(68,1,'2024-05-20 14:27:59','Recuperando la imagen del curso 17',27),(69,1,'2024-05-20 14:27:59','Recuperando la imagen del curso 3',27),(70,1,'2024-05-20 14:28:27','Consultar todos los cursos',27),(71,1,'2024-05-20 14:28:27','Recuperando la imagen del curso 18',27),(72,1,'2024-05-20 14:28:27','Recuperando la imagen del curso 1',27),(73,1,'2024-05-20 14:28:27','Recuperando la imagen del curso 7',27),(74,1,'2024-05-20 14:28:27','Recuperando la imagen del curso 26',27),(75,1,'2024-05-20 14:28:27','Recuperando la imagen del curso 8',27),(76,1,'2024-05-20 14:28:27','Recuperando la imagen del curso 25',27),(77,1,'2024-05-20 14:28:27','Recuperando la imagen del curso 27',27),(78,1,'2024-05-20 14:28:27','Recuperando la imagen del curso 13',27),(79,1,'2024-05-20 14:28:27','Recuperando la imagen del curso 24',27),(80,1,'2024-05-20 14:28:27','Recuperando la imagen del curso 17',27),(81,1,'2024-05-20 14:28:27','Recuperando la imagen del curso 14',27),(82,1,'2024-05-20 14:28:27','Recuperando la imagen del curso 20',27),(83,1,'2024-05-20 14:28:27','Recuperando la imagen del curso 21',27),(84,1,'2024-05-20 14:28:27','Recuperando la imagen del curso 23',27),(85,1,'2024-05-20 14:28:27','Recuperando la imagen del curso 3',27),(86,1,'2024-05-20 14:29:36','Consultar todos los cursos',27),(87,1,'2024-05-20 14:29:36','Recuperando la imagen del curso 21',27),(88,1,'2024-05-20 14:29:36','Recuperando la imagen del curso 8',27),(89,1,'2024-05-20 14:29:36','Recuperando la imagen del curso 18',27),(90,1,'2024-05-20 14:29:36','Recuperando la imagen del curso 20',27),(91,1,'2024-05-20 14:29:36','Recuperando la imagen del curso 26',27),(92,1,'2024-05-20 14:29:36','Recuperando la imagen del curso 1',27),(93,1,'2024-05-20 14:29:36','Recuperando la imagen del curso 24',27),(94,1,'2024-05-20 14:29:36','Recuperando la imagen del curso 13',27),(95,1,'2024-05-20 14:29:36','Recuperando la imagen del curso 7',27),(96,1,'2024-05-20 14:29:36','Recuperando la imagen del curso 27',27),(97,1,'2024-05-20 14:29:36','Recuperando la imagen del curso 25',27),(98,1,'2024-05-20 14:29:36','Recuperando la imagen del curso 14',27),(99,1,'2024-05-20 14:29:36','Recuperando la imagen del curso 17',27),(100,1,'2024-05-20 14:29:36','Recuperando la imagen del curso 23',27),(101,1,'2024-05-20 14:29:36','Recuperando la imagen del curso 3',27),(102,1,'2024-05-20 14:32:20','Consultar todos los cursos',27),(103,1,'2024-05-20 14:32:20','Recuperando la imagen del curso 18',27),(104,1,'2024-05-20 14:32:20','Recuperando la imagen del curso 7',27),(105,1,'2024-05-20 14:32:20','Recuperando la imagen del curso 25',27),(106,1,'2024-05-20 14:32:20','Recuperando la imagen del curso 8',27),(107,1,'2024-05-20 14:32:20','Recuperando la imagen del curso 26',27),(108,1,'2024-05-20 14:32:20','Recuperando la imagen del curso 1',27),(109,1,'2024-05-20 14:32:20','Recuperando la imagen del curso 24',27),(110,1,'2024-05-20 14:32:20','Recuperando la imagen del curso 14',27),(111,1,'2024-05-20 14:32:21','Recuperando la imagen del curso 13',27),(112,1,'2024-05-20 14:32:21','Recuperando la imagen del curso 17',27),(113,1,'2024-05-20 14:32:21','Recuperando la imagen del curso 27',27),(114,1,'2024-05-20 14:32:21','Recuperando la imagen del curso 20',27),(115,1,'2024-05-20 14:32:21','Recuperando la imagen del curso 21',27),(116,1,'2024-05-20 14:32:21','Recuperando la imagen del curso 23',27),(117,1,'2024-05-20 14:32:21','Recuperando la imagen del curso 3',27),(118,1,'2024-05-20 16:29:22','Consultar todos los cursos',27),(119,1,'2024-05-20 16:29:25','Consultar todos los cursos',27),(120,1,'2024-05-20 16:29:25','Consultar todos los cursos',27),(121,1,'2024-05-20 16:29:30','Consultar todos los cursos',27),(122,1,'2024-05-20 16:29:30','Recuperando la imagen del curso 18',27),(123,1,'2024-05-20 16:29:30','Recuperando la imagen del curso 20',27),(124,1,'2024-05-20 16:29:30','Recuperando la imagen del curso 26',27),(125,1,'2024-05-20 16:29:30','Recuperando la imagen del curso 1',27),(126,1,'2024-05-20 16:29:30','Recuperando la imagen del curso 21',27),(127,1,'2024-05-20 16:29:30','Recuperando la imagen del curso 7',27),(128,1,'2024-05-20 16:29:30','Recuperando la imagen del curso 8',27),(129,1,'2024-05-20 16:29:30','Recuperando la imagen del curso 25',27),(130,1,'2024-05-20 16:29:30','Recuperando la imagen del curso 24',27),(131,1,'2024-05-20 16:29:30','Recuperando la imagen del curso 13',27),(132,1,'2024-05-20 16:29:30','Recuperando la imagen del curso 27',27),(133,1,'2024-05-20 16:29:30','Recuperando la imagen del curso 14',27),(134,1,'2024-05-20 16:29:30','Recuperando la imagen del curso 23',27),(135,1,'2024-05-20 16:29:30','Recuperando la imagen del curso 17',27),(136,1,'2024-05-20 16:29:30','Recuperando la imagen del curso 3',27),(137,1,'2024-05-20 16:30:10','Consultar  cursos por fechas 04/20/2024 00:00:00 - 05/20/2024 00:00:00',27),(138,1,'2024-05-20 16:30:10','Recuperando la imagen del curso 23',27),(139,1,'2024-05-20 16:30:12','Consultar  cursos por fechas 04/20/2024 00:00:00 - 05/20/2024 00:00:00',27),(140,1,'2024-05-20 16:30:12','Recuperando la imagen del curso 23',27),(141,1,'2024-05-20 16:30:24','Consultar todos los cursos',27),(142,1,'2024-05-20 16:30:24','Recuperando la imagen del curso 18',27),(143,1,'2024-05-20 16:30:24','Recuperando la imagen del curso 21',27),(144,1,'2024-05-20 16:30:24','Recuperando la imagen del curso 7',27),(145,1,'2024-05-20 16:30:24','Recuperando la imagen del curso 26',27),(146,1,'2024-05-20 16:30:24','Recuperando la imagen del curso 1',27),(147,1,'2024-05-20 16:30:24','Recuperando la imagen del curso 20',27),(148,1,'2024-05-20 16:30:24','Recuperando la imagen del curso 8',27),(149,1,'2024-05-20 16:30:24','Recuperando la imagen del curso 24',27),(150,1,'2024-05-20 16:30:24','Recuperando la imagen del curso 25',27),(151,1,'2024-05-20 16:30:24','Recuperando la imagen del curso 13',27),(152,1,'2024-05-20 16:30:24','Recuperando la imagen del curso 27',27),(153,1,'2024-05-20 16:30:24','Recuperando la imagen del curso 14',27),(154,1,'2024-05-20 16:30:24','Recuperando la imagen del curso 17',27),(155,1,'2024-05-20 16:30:24','Recuperando la imagen del curso 3',27),(156,1,'2024-05-20 16:30:24','Recuperando la imagen del curso 23',27),(157,1,'2024-05-20 16:30:31','Consultar  cursos por fechas 04/20/2024 00:00:00 - 05/20/2024 00:00:00',27),(158,1,'2024-05-20 16:30:31','Recuperando la imagen del curso 23',27),(159,1,'2024-05-20 16:30:32','Consultar  cursos por fechas 04/20/2024 00:00:00 - 05/20/2024 00:00:00',27),(160,1,'2024-05-20 16:30:32','Recuperando la imagen del curso 23',27),(161,1,'2024-05-20 16:31:23','Consultar todos los cursos',27),(162,1,'2024-05-20 16:31:23','Recuperando la imagen del curso 7',27),(163,1,'2024-05-20 16:31:23','Recuperando la imagen del curso 21',27),(164,1,'2024-05-20 16:31:23','Recuperando la imagen del curso 1',27),(165,1,'2024-05-20 16:31:23','Recuperando la imagen del curso 20',27),(166,1,'2024-05-20 16:31:23','Recuperando la imagen del curso 26',27),(167,1,'2024-05-20 16:31:23','Recuperando la imagen del curso 18',27),(168,1,'2024-05-20 16:31:23','Recuperando la imagen del curso 8',27),(169,1,'2024-05-20 16:31:23','Recuperando la imagen del curso 13',27),(170,1,'2024-05-20 16:31:23','Recuperando la imagen del curso 24',27),(171,1,'2024-05-20 16:31:23','Recuperando la imagen del curso 14',27),(172,1,'2024-05-20 16:31:23','Recuperando la imagen del curso 27',27),(173,1,'2024-05-20 16:31:23','Recuperando la imagen del curso 25',27),(174,1,'2024-05-20 16:31:23','Recuperando la imagen del curso 23',27),(175,1,'2024-05-20 16:31:23','Recuperando la imagen del curso 17',27),(176,1,'2024-05-20 16:31:23','Recuperando la imagen del curso 3',27),(177,1,'2024-05-20 16:36:33','Consultar todos los cursos',27),(178,1,'2024-05-20 16:36:33','Recuperando la imagen del curso 18',27),(179,1,'2024-05-20 16:36:33','Recuperando la imagen del curso 20',27),(180,1,'2024-05-20 16:36:33','Recuperando la imagen del curso 7',27),(181,1,'2024-05-20 16:36:33','Recuperando la imagen del curso 26',27),(182,1,'2024-05-20 16:36:33','Recuperando la imagen del curso 1',27),(183,1,'2024-05-20 16:36:33','Recuperando la imagen del curso 21',27),(184,1,'2024-05-20 16:36:33','Recuperando la imagen del curso 13',27),(185,1,'2024-05-20 16:36:33','Recuperando la imagen del curso 8',27),(186,1,'2024-05-20 16:36:33','Recuperando la imagen del curso 24',27),(187,1,'2024-05-20 16:36:33','Recuperando la imagen del curso 14',27),(188,1,'2024-05-20 16:36:33','Recuperando la imagen del curso 25',27),(189,1,'2024-05-20 16:36:33','Recuperando la imagen del curso 27',27),(190,1,'2024-05-20 16:36:33','Recuperando la imagen del curso 17',27),(191,1,'2024-05-20 16:36:33','Recuperando la imagen del curso 23',27),(192,1,'2024-05-20 16:36:33','Recuperando la imagen del curso 3',27),(193,1,'2024-05-20 16:47:31','Consultar todos los cursos',27),(194,1,'2024-05-20 16:47:32','Recuperando la imagen del curso 1',27),(195,1,'2024-05-20 16:47:32','Recuperando la imagen del curso 20',27),(196,1,'2024-05-20 16:47:32','Recuperando la imagen del curso 18',27),(197,1,'2024-05-20 16:47:32','Recuperando la imagen del curso 7',27),(198,1,'2024-05-20 16:47:32','Recuperando la imagen del curso 21',27),(199,1,'2024-05-20 16:47:32','Recuperando la imagen del curso 26',27),(200,1,'2024-05-20 16:47:32','Recuperando la imagen del curso 8',27),(201,1,'2024-05-20 16:47:32','Recuperando la imagen del curso 14',27),(202,1,'2024-05-20 16:47:32','Recuperando la imagen del curso 25',27),(203,1,'2024-05-20 16:47:32','Recuperando la imagen del curso 13',27),(204,1,'2024-05-20 16:47:32','Recuperando la imagen del curso 24',27),(205,1,'2024-05-20 16:47:32','Recuperando la imagen del curso 27',27),(206,1,'2024-05-20 16:47:32','Recuperando la imagen del curso 23',27),(207,1,'2024-05-20 16:47:32','Recuperando la imagen del curso 3',27),(208,1,'2024-05-20 16:47:32','Recuperando la imagen del curso 17',27),(209,1,'2024-05-20 16:47:37','Consultar  cursos por fechas 04/20/2024 00:00:00 - 05/20/2024 00:00:00',27),(210,1,'2024-05-20 16:47:37','Recuperando la imagen del curso 23',27),(211,1,'2024-05-20 16:47:42','Consultar todos los cursos',27),(212,1,'2024-05-20 16:47:42','Recuperando la imagen del curso 13',27),(213,1,'2024-05-20 16:47:42','Recuperando la imagen del curso 1',27),(214,1,'2024-05-20 16:47:42','Recuperando la imagen del curso 24',27),(215,1,'2024-05-20 16:47:42','Recuperando la imagen del curso 26',27),(216,1,'2024-05-20 16:47:42','Recuperando la imagen del curso 8',27),(217,1,'2024-05-20 16:47:42','Recuperando la imagen del curso 7',27),(218,1,'2024-05-20 16:47:42','Recuperando la imagen del curso 14',27),(219,1,'2024-05-20 16:47:42','Recuperando la imagen del curso 25',27),(220,1,'2024-05-20 16:47:42','Recuperando la imagen del curso 27',27),(221,1,'2024-05-20 16:47:42','Recuperando la imagen del curso 3',27),(222,1,'2024-05-20 16:47:42','Recuperando la imagen del curso 17',27),(223,1,'2024-05-20 16:47:42','Recuperando la imagen del curso 23',27),(224,1,'2024-05-20 16:47:44','Consultar  cursos por fechas 04/20/2024 00:00:00 - 05/20/2024 00:00:00',27),(225,1,'2024-05-20 16:47:44','Recuperando la imagen del curso 23',27),(226,1,'2024-05-20 16:52:05','Consultar todos los cursos',27),(227,1,'2024-05-20 16:52:05','Recuperando la imagen del curso 1',27),(228,1,'2024-05-20 16:52:05','Recuperando la imagen del curso 26',27),(229,1,'2024-05-20 16:52:05','Recuperando la imagen del curso 20',27),(230,1,'2024-05-20 16:52:05','Recuperando la imagen del curso 7',27),(231,1,'2024-05-20 16:52:05','Recuperando la imagen del curso 21',27),(232,1,'2024-05-20 16:52:05','Recuperando la imagen del curso 18',27),(233,1,'2024-05-20 16:52:05','Recuperando la imagen del curso 24',27),(234,1,'2024-05-20 16:52:05','Recuperando la imagen del curso 13',27),(235,1,'2024-05-20 16:52:05','Recuperando la imagen del curso 8',27),(236,1,'2024-05-20 16:52:05','Recuperando la imagen del curso 25',27),(237,1,'2024-05-20 16:52:05','Recuperando la imagen del curso 27',27),(238,1,'2024-05-20 16:52:05','Recuperando la imagen del curso 14',27),(239,1,'2024-05-20 16:52:05','Recuperando la imagen del curso 17',27),(240,1,'2024-05-20 16:52:05','Recuperando la imagen del curso 23',27),(241,1,'2024-05-20 16:52:05','Recuperando la imagen del curso 3',27),(242,1,'2024-05-20 16:52:30','Consultar todos los cursos',27),(243,1,'2024-05-20 16:52:30','Recuperando la imagen del curso 18',27),(244,1,'2024-05-20 16:52:30','Recuperando la imagen del curso 1',27),(245,1,'2024-05-20 16:52:30','Recuperando la imagen del curso 7',27),(246,1,'2024-05-20 16:52:30','Recuperando la imagen del curso 20',27),(247,1,'2024-05-20 16:52:30','Recuperando la imagen del curso 26',27),(248,1,'2024-05-20 16:52:30','Recuperando la imagen del curso 21',27),(249,1,'2024-05-20 16:52:30','Recuperando la imagen del curso 25',27),(250,1,'2024-05-20 16:52:30','Recuperando la imagen del curso 24',27),(251,1,'2024-05-20 16:52:30','Recuperando la imagen del curso 27',27),(252,1,'2024-05-20 16:52:30','Recuperando la imagen del curso 8',27),(253,1,'2024-05-20 16:52:30','Recuperando la imagen del curso 13',27),(254,1,'2024-05-20 16:52:31','Recuperando la imagen del curso 14',27),(255,1,'2024-05-20 16:52:31','Recuperando la imagen del curso 17',27),(256,1,'2024-05-20 16:52:31','Recuperando la imagen del curso 3',27),(257,1,'2024-05-20 16:52:31','Recuperando la imagen del curso 23',27),(258,1,'2024-05-20 16:55:08','Consultar todos los cursos',27),(259,1,'2024-05-20 16:55:08','Recuperando la imagen del curso 20',27),(260,1,'2024-05-20 16:55:08','Recuperando la imagen del curso 7',27),(261,1,'2024-05-20 16:55:08','Recuperando la imagen del curso 26',27),(262,1,'2024-05-20 16:55:08','Recuperando la imagen del curso 21',27),(263,1,'2024-05-20 16:55:08','Recuperando la imagen del curso 1',27),(264,1,'2024-05-20 16:55:08','Recuperando la imagen del curso 18',27),(265,1,'2024-05-20 16:55:08','Recuperando la imagen del curso 27',27),(266,1,'2024-05-20 16:55:08','Recuperando la imagen del curso 8',27),(267,1,'2024-05-20 16:55:08','Recuperando la imagen del curso 13',27),(268,1,'2024-05-20 16:55:08','Recuperando la imagen del curso 25',27),(269,1,'2024-05-20 16:55:08','Recuperando la imagen del curso 24',27),(270,1,'2024-05-20 16:55:08','Recuperando la imagen del curso 14',27),(271,1,'2024-05-20 16:55:08','Recuperando la imagen del curso 23',27),(272,1,'2024-05-20 16:55:08','Recuperando la imagen del curso 3',27),(273,1,'2024-05-20 16:55:08','Recuperando la imagen del curso 17',27);
/*!40000 ALTER TABLE `Usuario_Accion` ENABLE KEYS */;
UNLOCK TABLES;

--
-- Table structure for table `usuario_sesion`
--

DROP TABLE IF EXISTS `usuario_sesion`;
/*!40101 SET @saved_cs_client     = @@character_set_client */;
/*!40101 SET character_set_client = utf8 */;
CREATE TABLE `usuario_sesion` (
  `ID` int NOT NULL AUTO_INCREMENT,
  `IDUsuario` int NOT NULL,
  `FechaInicio` datetime DEFAULT NULL,
  `FechaUltimoAcceso` datetime DEFAULT NULL,
  `DireccionIP` varchar(20) DEFAULT NULL,
  `Token` varchar(600) DEFAULT NULL,
  PRIMARY KEY (`ID`),
  KEY `fk_UsuarioSesion_Usuario` (`IDUsuario`),
  CONSTRAINT `fk_UsuarioSesion_Usuario` FOREIGN KEY (`IDUsuario`) REFERENCES `Usuario` (`ID`)
) ENGINE=InnoDB AUTO_INCREMENT=28 DEFAULT CHARSET=utf8mb4 COLLATE=utf8mb4_0900_ai_ci;
/*!40101 SET character_set_client = @saved_cs_client */;

--
-- Dumping data for table `usuario_sesion`
--

LOCK TABLES `usuario_sesion` WRITE;
/*!40000 ALTER TABLE `usuario_sesion` DISABLE KEYS */;
INSERT INTO `usuario_sesion` VALUES (26,1,'2024-05-18 00:58:55','2024-05-18 00:58:55','::1','eyJhbGciOiJIUzI1NiIsInR5cCI6IkpXVCJ9.eyJlbWFpbCI6ImFkbWluaXN0cmFkb3JAY3Vyc29zLnV2Lm14IiwianRpIjoiNzg2ODgwNTEtYTBkZC00NTVjLTgwY2UtOWQyNGUwZmViZDJlIiwiYmlydGhkYXRlIjoiMDUvMTgvMjAyNCAwMDo1ODo1NCIsInJvbGUiOiJBZG1pbmlzdHJhZG9yIiwicHVlc3RvIjoiQWRtaW5pc3RyYWRvciIsInNjb3BlIjoiQ3Vyc29zQVBQIiwiaWRVc3VhcmlvIjoiMSIsImlkVXN1YXJpb1Nlc2lvbiI6IjI2IiwibmFtZSI6IkFkbWluaXN0cmFkb3IiLCJuYW1laWQiOiJhZG1pbmlzdHJhZG9yQGN1cnNvcy51di5teCIsIm5iZiI6MTcxNjAxNTUzNCwiZXhwIjoxNzIwMTg0MzM0LCJpYXQiOjE3MTYwMTU1MzR9.HOle7oEup8eHc2A-BDJDZTNdvZRM--TuHGPcN-icMBQ'),(27,1,'2024-05-20 13:58:57','2024-05-20 13:58:57','::1','eyJhbGciOiJIUzI1NiIsInR5cCI6IkpXVCJ9.eyJlbWFpbCI6ImFkbWluaXN0cmFkb3JAY3Vyc29zLnV2Lm14IiwianRpIjoiM2I0MTBiZDctNjBhZS00N2RjLWFjNTAtYWEyYmIxNDc1MjlmIiwiYmlydGhkYXRlIjoiMDUvMjAvMjAyNCAxMzo1ODo1NiIsInJvbGUiOiJBZG1pbmlzdHJhZG9yIiwicHVlc3RvIjoiQWRtaW5pc3RyYWRvciIsInNjb3BlIjoiQ3Vyc29zQVBQIiwiaWRVc3VhcmlvIjoiMSIsImlkVXN1YXJpb1Nlc2lvbiI6IjI3IiwibmFtZSI6IkFkbWluaXN0cmFkb3IiLCJuYW1laWQiOiJhZG1pbmlzdHJhZG9yQGN1cnNvcy51di5teCIsIm5iZiI6MTcxNjIzNTEzNiwiZXhwIjoxNzIwNDAzOTM2LCJpYXQiOjE3MTYyMzUxMzZ9.1n8U9u-gZ8U1m0YJZdv3_3Ilg8y8OteS6BAi1IeM2-I');
/*!40000 ALTER TABLE `usuario_sesion` ENABLE KEYS */;
UNLOCK TABLES;
/*!40103 SET TIME_ZONE=@OLD_TIME_ZONE */;

/*!40101 SET SQL_MODE=@OLD_SQL_MODE */;
/*!40014 SET FOREIGN_KEY_CHECKS=@OLD_FOREIGN_KEY_CHECKS */;
/*!40014 SET UNIQUE_CHECKS=@OLD_UNIQUE_CHECKS */;
/*!40101 SET CHARACTER_SET_CLIENT=@OLD_CHARACTER_SET_CLIENT */;
/*!40101 SET CHARACTER_SET_RESULTS=@OLD_CHARACTER_SET_RESULTS */;
/*!40101 SET COLLATION_CONNECTION=@OLD_COLLATION_CONNECTION */;
/*!40111 SET SQL_NOTES=@OLD_SQL_NOTES */;

-- Dump completed on 2024-05-20 18:24:29
